﻿<?xml version="1.0" encoding="utf-8"?>
<feed xmlns="http://www.w3.org/2005/Atom">
  <webpiFile version="4.0.1.0" />
  <title>Enterprise Platform Installer 5.0 Feed</title>
  <link href="https://webpifeed.blob.core.windows.net/webpifeed/EnterpriseProductList.xml" />
  <updated>2013-06-21T16:30:00Z</updated>
  <author>
    <name>Microsoft</name>
    <uri>http://www.microsoft.com/</uri>
  </author>
  <id>https://webpifeed.blob.core.windows.net/webpifeed/EnterpriseProductList.xml</id>
  <!-- Resources -->
  <resourcesList>
    <resources>
      <culture>en</culture>
      <!-- included in file -->
    </resources>
    <resources>
      <culture>de</culture>
      <url>https://webpifeed.blob.core.windows.net/webpifeed/resources/EnterpriseProductList_de.xml</url>
    </resources>
    <resources>
      <culture>es</culture>
      <url>https://webpifeed.blob.core.windows.net/webpifeed/resources/EnterpriseProductList_es.xml</url>
    </resources>
    <resources>
      <culture>fr</culture>
      <url>https://webpifeed.blob.core.windows.net/webpifeed/resources/EnterpriseProductList_fr.xml</url>
    </resources>
    <resources>
      <culture>it</culture>
      <url>https://webpifeed.blob.core.windows.net/webpifeed/resources/EnterpriseProductList_it.xml</url>
    </resources>
    <resources>
      <culture>ja</culture>
      <url>https://webpifeed.blob.core.windows.net/webpifeed/resources/EnterpriseProductList_ja.xml</url>
    </resources>
    <resources>
      <culture>ko</culture>
      <url>https://webpifeed.blob.core.windows.net/webpifeed/resources/EnterpriseProductList_ko.xml</url>
    </resources>
    <resources>
      <culture>ru</culture>
      <url>https://webpifeed.blob.core.windows.net/webpifeed/resources/EnterpriseProductList_ru.xml</url>
    </resources>
    <resources>
      <culture>zh-cn</culture>
      <url>https://webpifeed.blob.core.windows.net/webpifeed/resources/EnterpriseProductList_zh-cn.xml</url>
    </resources>
    <resources>
      <culture>zh-tw</culture>
      <url>https://webpifeed.blob.core.windows.net/webpifeed/resources/EnterpriseProductList_zh-tw.xml</url>
    </resources>
    <resources>
      <culture>zh-hk</culture>
      <url>https://webpifeed.blob.core.windows.net/webpifeed/resources/EnterpriseProductList_zh-tw.xml</url>
    </resources>
    <resources>
      <culture>tr</culture>
      <url>https://webpifeed.blob.core.windows.net/webpifeed/resources/EnterpriseProductList_tr.xml</url>
    </resources>
    <resources>
      <culture>pl</culture>
      <url>https://webpifeed.blob.core.windows.net/webpifeed/resources/EnterpriseProductList_pl.xml</url>
    </resources>
    <resources>
      <culture>pt-br</culture>
      <url>https://webpifeed.blob.core.windows.net/webpifeed/resources/EnterpriseProductList_pt-br.xml</url>
    </resources>
    <resources>
      <culture>cs</culture>
      <url>https://webpifeed.blob.core.windows.net/webpifeed/resources/EnterpriseProductList_cs.xml</url>
    </resources>
  </resourcesList>
  <!--Language Codes-->
  <languages>
    <language default="true">
      <languageId>en</languageId>
      <name resourceName="Lang_en_Name">English</name>
    </language>
  </languages>
  <!-- AppFabric Setup-->
  <entry>
    <productId>AppFabricSetup</productId>
    <title resourceName="Entry_AppFabricSetup_Title">Windows Server AppFabric Setup</title>
    <author>
      <name>Microsoft</name>
      <uri>http://www.microsoft.com/</uri>
    </author>
    <longSummary resourceName="Entry_AppFabricSetup_LongSummary">Windows Server AppFabric Setup</longSummary>
    <link href="http://msdn.microsoft.com/en-us/windowsserver/ee695849.aspx" />
    <id>https://ajax.aspnetcdn.com/ajax/webpi/AppFabric</id>
    <discoveryHint>
      <registry>
        <keyPath>HKEY_LOCAL_MACHINE\SOFTWARE\Microsoft\AppFabric\v1.0\</keyPath>
        <valueName>ProductVersion</valueName>
        <valueValue>1.0.2034.0</valueValue>
      </registry>
    </discoveryHint>
    <searchExclude />
    <dependency>
      <and>
        <dependency>
          <productId>NETFramework35</productId>
        </dependency>
        <dependency>
          <productId>StaticContent</productId>
        </dependency>
        <dependency>
          <productId>IISManagementConsole</productId>
        </dependency>
        <dependency>
          <productId>AdminPack</productId>
        </dependency>
        <dependency>
          <productId>SQLExpress</productId>
        </dependency>
        <dependency>
          <productId>WDeploy</productId>
        </dependency>
        <dependency>
          <or>
            <dependency>
              <productId>NETFramework4</productId>
            </dependency>
            <dependency>
              <productId>NETFX4</productId>
            </dependency>
            <dependency>
              <productId>NETFramework45</productId>
            </dependency>
          </or>
        </dependency>
        <dependency>
          <productId>PowerShell2</productId>
        </dependency>
        <dependency>
          <productId>KB980423-Win6</productId>
        </dependency>
        <dependency>
          <productId>KB980423-Win7</productId>
        </dependency>
        <dependency>
          <productId>KB983484-Win7</productId>
        </dependency>
      </and>
    </dependency>
    <installers>
      <!-- x86 Win7-->
      <installer>
        <id>1</id>
        <languageId>en</languageId>
        <architectures>
          <x86 />
        </architectures>
        <osList>
          <os>
            <minimumVersion>
              <osMajorVersion>6</osMajorVersion>
              <osMinorVersion>1</osMinorVersion>
            </minimumVersion>
            <maximumVersion>
              <osMajorVersion>6</osMajorVersion>
              <osMinorVersion>1</osMinorVersion>
            </maximumVersion>
            <osTypes>
              <Server />
              <Ultimate />
              <Enterprise />
              <Business />
            </osTypes>
          </os>
        </osList>
        <eulaURL>https://ajax.aspnetcdn.com/ajax/webpi/eula/WindowsServerAppFabricEULA.htm</eulaURL>
        <installerFile>
          <fileSize>42426</fileSize>
          <installerURL>http://download.microsoft.com/download/E/7/7/E77F16E3-40C8-4BDA-9E6F-E83390A41F66/WindowsServerAppFabricSetup_x86_6.1.exe</installerURL>
          <trackingURL>http://go.microsoft.com/fwlink/?LinkID=167145</trackingURL>
          <sha1>496c82ab633cbdf640502c6b8acabb817d265831</sha1>
        </installerFile>
        <installCommands>
          <cmdline>
            <exe>%InstallerFile%</exe>
            <commandLineArguments>/i /SkipUpdates</commandLineArguments>
            <returnCodeMappings>
              <mapping>
                <returnCode>4121</returnCode>
                <failure>
                  <detailedInformation resourceName="Mapping_AppFabricSetup_4121_DetailedInformation">Error Installing Windows Server AppFabric. A pre-requisite is missing or the Microsoft FTP Service is running. Check the Setup Event Log for more details.</detailedInformation>
                </failure>
              </mapping>
              <mapping>
                <returnCode>4122</returnCode>
                <failure>
                  <detailedInformation resourceName="Mapping_AppFabricSetup_4122_DetailedInformation">Error Installing Windows Server AppFabric. Unsupported operating system edition. Check the Setup Event Log for more details.</detailedInformation>
                </failure>
              </mapping>
            </returnCodeMappings>
          </cmdline>
        </installCommands>
        <helpLink>http://forums.iis.net/1155.aspx</helpLink>
      </installer>
      <!-- x86 Win6-->
      <installer>
        <id>2</id>
        <languageId>en</languageId>
        <architectures>
          <x86 />
        </architectures>
        <osList>
          <os>
            <minimumVersion>
              <osMajorVersion>6</osMajorVersion>
              <osMinorVersion>0</osMinorVersion>
              <spMajorVersion>2</spMajorVersion>
            </minimumVersion>
            <maximumVersion>
              <osMajorVersion>6</osMajorVersion>
              <osMinorVersion>0</osMinorVersion>
              <spMajorVersion>2</spMajorVersion>
            </maximumVersion>
            <osTypes>
              <Server />
              <Ultimate />
              <Enterprise />
              <Business />
            </osTypes>
          </os>
        </osList>
        <eulaURL>https://ajax.aspnetcdn.com/ajax/webpi/eula/WindowsServerAppFabricEULA.htm</eulaURL>
        <installerFile>
          <fileSize>42426</fileSize>
          <installerURL>http://download.microsoft.com/download/E/7/7/E77F16E3-40C8-4BDA-9E6F-E83390A41F66/WindowsServerAppFabricSetup_x86_6.0.exe</installerURL>
          <trackingURL>http://go.microsoft.com/fwlink/?LinkID=167145</trackingURL>
          <sha1>5f251bf7014c5650e21d1e1986b01f4bb393667c</sha1>
        </installerFile>
        <installCommands>
          <cmdline>
            <exe>%InstallerFile%</exe>
            <commandLineArguments>/i /SkipUpdates</commandLineArguments>
            <returnCodeMappings>
              <mapping>
                <returnCode>4121</returnCode>
                <failure>
                  <detailedInformation resourceName="Mapping_AppFabricSetup_4121_DetailedInformation">Error Installing Windows Server AppFabric. A pre-requisite is missing or the Microsoft FTP Service is running. Check the Setup Event Log for more details.</detailedInformation>
                </failure>
              </mapping>
              <mapping>
                <returnCode>4122</returnCode>
                <failure>
                  <detailedInformation resourceName="Mapping_AppFabricSetup_4122_DetailedInformation">Error Installing Windows Server AppFabric. Unsupported operating system edition. Check the Setup Event Log for more details.</detailedInformation>
                </failure>
              </mapping>
            </returnCodeMappings>
          </cmdline>
        </installCommands>
        <helpLink>http://forums.iis.net/1155.aspx</helpLink>
      </installer>
      <!-- x64 Win7-->
      <installer>
        <id>3</id>
        <languageId>en</languageId>
        <architectures>
          <x64 />
        </architectures>
        <osList>
          <os>
            <minimumVersion>
              <osMajorVersion>6</osMajorVersion>
              <osMinorVersion>1</osMinorVersion>
            </minimumVersion>
            <maximumVersion>
              <osMajorVersion>6</osMajorVersion>
              <osMinorVersion>1</osMinorVersion>
            </maximumVersion>
            <osTypes>
              <Server />
              <Ultimate />
              <Enterprise />
              <Business />
            </osTypes>
          </os>
        </osList>
        <eulaURL>https://ajax.aspnetcdn.com/ajax/webpi/eula/WindowsServerAppFabricEULA.htm</eulaURL>
        <installerFile>
          <fileSize>42426</fileSize>
          <installerURL>http://download.microsoft.com/download/E/7/7/E77F16E3-40C8-4BDA-9E6F-E83390A41F66/WindowsServerAppFabricSetup_x64_6.1.exe</installerURL>
          <trackingURL>http://go.microsoft.com/fwlink/?LinkID=167146</trackingURL>
          <sha1>d2cac55511415d645703db714d61bb43fe22eb69</sha1>
        </installerFile>
        <installCommands>
          <cmdline>
            <exe>%InstallerFile%</exe>
            <commandLineArguments>/i /SkipUpdates</commandLineArguments>
            <returnCodeMappings>
              <mapping>
                <returnCode>4121</returnCode>
                <failure>
                  <detailedInformation resourceName="Mapping_AppFabricSetup_4121_DetailedInformation">Error Installing Windows Server AppFabric. A pre-requisite is missing or the Microsoft FTP Service is running. Check the Setup Event Log for more details.</detailedInformation>
                </failure>
              </mapping>
              <mapping>
                <returnCode>4122</returnCode>
                <failure>
                  <detailedInformation resourceName="Mapping_AppFabricSetup_4122_DetailedInformation">Error Installing Windows Server AppFabric. Unsupported operating system edition. Check the Setup Event Log for more details.</detailedInformation>
                </failure>
              </mapping>
            </returnCodeMappings>
          </cmdline>
        </installCommands>
        <helpLink>http://forums.iis.net/1155.aspx</helpLink>
      </installer>
      <!-- x64 Win6-->
      <installer>
        <id>4</id>
        <languageId>en</languageId>
        <architectures>
          <x64 />
        </architectures>
        <osList>
          <os>
            <minimumVersion>
              <osMajorVersion>6</osMajorVersion>
              <osMinorVersion>0</osMinorVersion>
              <spMajorVersion>2</spMajorVersion>
            </minimumVersion>
            <maximumVersion>
              <osMajorVersion>6</osMajorVersion>
              <osMinorVersion>0</osMinorVersion>
              <spMajorVersion>2</spMajorVersion>
            </maximumVersion>
            <osTypes>
              <Server />
              <Ultimate />
              <Enterprise />
              <Business />
            </osTypes>
          </os>
        </osList>
        <eulaURL>https://ajax.aspnetcdn.com/ajax/webpi/eula/WindowsServerAppFabricEULA.htm</eulaURL>
        <installerFile>
          <fileSize>42426</fileSize>
          <installerURL>http://download.microsoft.com/download/E/7/7/E77F16E3-40C8-4BDA-9E6F-E83390A41F66/WindowsServerAppFabricSetup_x64_6.0.exe</installerURL>
          <trackingURL>http://go.microsoft.com/fwlink/?LinkID=167146</trackingURL>
          <sha1>c472f09278855c492e5031246a1d31758a79df75</sha1>
        </installerFile>
        <installCommands>
          <cmdline>
            <exe>%InstallerFile%</exe>
            <commandLineArguments>/i /SkipUpdates</commandLineArguments>
            <returnCodeMappings>
              <mapping>
                <returnCode>4121</returnCode>
                <failure>
                  <detailedInformation resourceName="Mapping_AppFabricSetup_4121_DetailedInformation">Error Installing Windows Server AppFabric. A pre-requisite is missing or the Microsoft FTP Service is running. Check the Setup Event Log for more details.</detailedInformation>
                </failure>
              </mapping>
              <mapping>
                <returnCode>4122</returnCode>
                <failure>
                  <detailedInformation resourceName="Mapping_AppFabricSetup_4122_DetailedInformation">Error Installing Windows Server AppFabric. Unsupported operating system edition. Check the Setup Event Log for more details.</detailedInformation>
                </failure>
              </mapping>
            </returnCodeMappings>
          </cmdline>
        </installCommands>
        <helpLink>http://forums.iis.net/1155.aspx</helpLink>
      </installer>
    </installers>
  </entry>
  <!-- AppFabric Config-->
  <entry>
    <productId>AppFabric</productId>
    <title resourceName="Entry_AppFabric_Title">Windows Server AppFabric</title>
    <version>1.0.2034.2</version>
    <summary resourceName="Entry_AppFabric_Summary">Windows Server AppFabric is a set of integrated technologies that make it easier to build, scale and manage Web and composite applications that run on IIS.</summary>
    <id>https://ajax.aspnetcdn.com/ajax/webpi/AppFabric</id>
    <updated>2010-07-23T16:30:00Z</updated>
    <longSummary resourceName="Entry_AppFabric_LongSummary">Windows Server AppFabric is a set of integrated technologies that make it easier to build, scale and manage Web and composite applications that run on IIS. Windows Server AppFabric targets applications built using ASP.NET, Windows Communication Foundation (WCF), and Windows Workflow Foundation (WF). It provides out-of-the-box capabilities for you to easily build and manage composite applications, including: Enhanced design and development tools in Visual Studio to build rich composite applications, Management and monitoring of sevices and workflows via integration with IIS Manager and Windows PowerShell, Distributed in-memory application cache to improve application performance.</longSummary>
    <published>2010-07-23T12:30:00Z</published>
    <productFamily resourceName="ApplicationServer">Application Server</productFamily>
    <newCategory resourceName="NewWebPlatformTools">New Web Platform Tools</newCategory>
    <link href="http://msdn.microsoft.com/en-us/windowsserver/ee695849.aspx" />
    <images>
      <icon>https://ajax.aspnetcdn.com/ajax/media/gallery/apps-screenshots/net-option-a.png</icon>
    </images>
    <author>
      <name>Microsoft</name>
      <uri>http://www.microsoft.com/</uri>
    </author>
    <keywords>
      <keywordId>Server</keywordId>
    </keywords>
    <discoveryHint>
      <registry>
        <keyPath>HKEY_LOCAL_MACHINE\SOFTWARE\Microsoft\AppFabric\v1.0\</keyPath>
        <valueName>ProductVersion</valueName>
        <valueValue>1.0.2034.0</valueValue>
      </registry>
    </discoveryHint>
    <dependency>
      <productId>AppFabricSetup</productId>
    </dependency>
    <incompatibilities>
      <incompatibleProduct>
        <productId>Incompatible_AppFabric</productId>
        <errorMessage resourceName="IncompatibleProduct_Incompatible_AppFabric_ErrorMessage">An older verion of Windows Server AppFabric is installed, uninstall it before continuing with Windows Server AppFabric setup.</errorMessage>
      </incompatibleProduct>
      <incompatibleProduct>
        <productId>Incompatible_.NET4</productId>
        <errorMessage resourceName="IncompatibleProduct_Incompatible_.NET4_ErrorMessage">A pre-release version Microsoft .NET 4 is installed. Install the latest version of Microsoft .NET 4 before you install Windows Server AppFabric.</errorMessage>
      </incompatibleProduct>
    </incompatibilities>
    <installers>
      <installer>
        <id>1</id>
        <languageId>en</languageId>
        <architectures>
          <x86 />
          <x64 />
        </architectures>
        <osList>
          <os>
            <minimumVersion>
              <osMajorVersion>6</osMajorVersion>
              <osMinorVersion>0</osMinorVersion>
              <spMajorVersion>2</spMajorVersion>
            </minimumVersion>
            <osTypes>
              <Server />
              <Ultimate />
              <Enterprise />
              <Business />
            </osTypes>
          </os>
        </osList>
        <eulaURL>http://www.microsoft.com/web/webpi/eula/WindowsServerAppFabricEULA.htm</eulaURL>
        <installerFile>
          <fileSize>10</fileSize>
          <installerURL>http://download.microsoft.com/download/E/7/7/E77F16E3-40C8-4BDA-9E6F-E83390A41F66/WPIConfigurationScript.ps1</installerURL>
          <trackingURL>http://go.microsoft.com/fwlink/?LinkID=167145</trackingURL>
          <sha1>de10be2238a97229d30846fae15a1d8874adfcf9</sha1>
        </installerFile>
        <installCommands>
          <cmdline>
            <exe>Powershell.exe</exe>
            <commandLineArguments> -ExecutionPolicy Unrestricted -file "%InstallerFile%"</commandLineArguments>
          </cmdline>
        </installCommands>
        <helpLink>http://forums.iis.net/1155.aspx</helpLink>
      </installer>
    </installers>
  </entry>
  <!-- Tools for Ria Services -->
  <entry>
    <productId>WCFRIAServices4Server</productId>
    <title resourceName="Entry_WCFRIAServices4Server_Title">WCF RIA Services Server install for .NET Framework 4.0</title>
    <version>4.0.50506.00</version>
    <summary resourceName="Entry_WCFRIAServices4Server_Summary">The WCF RIA Services is a framework that provides a pattern to write application logic that runs on the mid-tier and controls access to data for queries, changes and custom operations.</summary>
    <id>http://www.microsoft.com/web/webpi/RIAServices</id>
    <updated>2010-04-26T16:30:00Z</updated>
    <longSummary resourceName="Entry_WCFRIAServices4Server_LongSummary">WCF RIA Services simplifies the traditional n-tier application pattern by bringing together the ASP.NET and Silverlight platforms. RIA Services provides a pattern to write application logic that runs on the mid-tier and controls access to data for queries, changes and custom operations. It also provides end-to-end support for common tasks such as data validation, authentication and roles by integrating with Silverlight components on the client and ASP.NET on the mid-tier. </longSummary>
    <published>2010-04-26T12:30:00Z</published>
    <productFamily resourceName="ApplicationServer">Application Server</productFamily>
    <link href="http://www.silverlight.net/RIAServices" />
    <images>
      <icon>http://silverlight.microsoft.com/Assets/vs-webpi.png</icon>
    </images>
    <author>
      <name>Microsoft</name>
      <uri>http://www.microsoft.com/</uri>
    </author>
    <keywords>
      <keywordId>ProductTools</keywordId>
    </keywords>
    <discoveryHint>
      <msiProductCode>{8FFC6175-D2C5-4fa7-91E8-E2A9431A5CDA}</msiProductCode>
    </discoveryHint>
    <dependency>
      <or>
        <dependency>
          <productId>NETFramework4</productId>
        </dependency>
        <dependency>
          <productId>NETFX4</productId>
        </dependency>
        <dependency>
          <productId>NETFramework45</productId>
        </dependency>
      </or>
    </dependency>
    <incompatibilities>
      <incompatibleProduct>
        <productId>Incompatible_.NET4</productId>
        <errorMessage resourceName="RIA_IncompatibleProduct_Incompatible_.NET4_ErrorMessage">A pre-release version Microsoft .NET 4 is installed. Install the latest version of Microsoft .NET 4 before you install WCF RIA Services.</errorMessage>
      </incompatibleProduct>
    </incompatibilities>
    <terms>
      <termsText resourceName="Terms_RIAServices2009_Text">-Click "Learn more" to find further information.</termsText>
      <termsLink>http://go.microsoft.com/fwlink/?LinkID=169231</termsLink>
      <termsLinkText resourceName="Terms_RIAServices2009_LinkText">Learn more.</termsLinkText>
    </terms>
    <installers>
      <!--English-->
      <installer>
        <id>1</id>
        <languageId>en</languageId>
        <osList>
          <os>
            <minimumVersion>
              <osMajorVersion>6</osMajorVersion>
              <osMinorVersion>0</osMinorVersion>
              <spMajorVersion>2</spMajorVersion>
            </minimumVersion>
            <osTypes>
              <Server />
              <Ultimate />
              <Enterprise />
              <Business />
            </osTypes>
          </os>
        </osList>
        <eulaURL>http://www.microsoft.com/web/webpi/eula/WCFRIAServicesRC2EULA.htm</eulaURL>
        <installerFile>
          <fileSize>6000</fileSize>
          <installerURL>http://download.microsoft.com/download/3/2/2/322A7F1A-D2FF-4348-973D-DA018DC6AE6F/RiaServices.msi</installerURL>
          <trackingURL>http://go.microsoft.com/fwlink/?LinkID=169231</trackingURL>
          <sha1>8efe2859d2806f868203e4f8aade1707af7b1fee</sha1>
        </installerFile>
        <installCommands>
          <cmdline>
            <exe>%InstallerFile%</exe>
            <commandLineArguments>/q SERVER=true /log %temp%\RiaServices.txt</commandLineArguments>
          </cmdline>
        </installCommands>
        <logFiles>
          <location>%temp%\RiaServices.txt</location>
        </logFiles>
        <helpLink>http://forums.silverlight.net/forums/53.aspx</helpLink>
      </installer>
    </installers>
  </entry>
  <!-- KB 980423 Win6-->
  <entry>
    <productId>KB980423-Win6</productId>
    <title resourceName="Entry_KB980423-Win6_Title">KB980423</title>
    <author>
      <name>Microsoft</name>
      <uri>http://www.microsoft.com/</uri>
    </author>
    <discoveryHint>
      <file>
        <filePath>%windir%\system32\inetsrv\nativerd.dll</filePath>
        <minimumVersion>7.0.60002.22343</minimumVersion>
      </file>
    </discoveryHint>
    <installers>
      <!-- x64 Win 6-->
      <installer>
        <id>1</id>
        <languageId>en</languageId>
        <architectures>
          <x64 />
        </architectures>
        <osList>
          <os>
            <minimumVersion>
              <osMajorVersion>6</osMajorVersion>
              <osMinorVersion>0</osMinorVersion>
              <spMajorVersion>2</spMajorVersion>
            </minimumVersion>
            <maximumVersion>
              <osMajorVersion>6</osMajorVersion>
              <osMinorVersion>0</osMinorVersion>
              <spMajorVersion>2</spMajorVersion>
            </maximumVersion>
            <osTypes>
              <Server />
              <Ultimate />
              <Enterprise />
              <Business />
            </osTypes>
          </os>
        </osList>
        <installerFile>
          <fileSize>1828</fileSize>
          <installerURL>http://download.microsoft.com/download/E/2/F/E2F71A3C-F746-4F03-824A-9297C2B4CB7B/Windows6.0-KB980423-v4-x64.msu</installerURL>
          <trackingURL>http://go.microsoft.com/fwlink/?LinkID=167145</trackingURL>
          <sha1>57e8eb55eca6d75b90ae4e53ed2a74f742e3ce3f</sha1>
        </installerFile>
        <installCommands>
          <msuInstall>
            <msu>%InstallerFile%</msu>
            <commandLineArguments>/quiet /norestart</commandLineArguments>
          </msuInstall>
        </installCommands>
        <helpLink>http://forums.iis.net/1155.aspx</helpLink>
      </installer>
      <!-- x84 Win 6-->
      <installer>
        <id>2</id>
        <languageId>en</languageId>
        <architectures>
          <x86 />
        </architectures>
        <osList>
          <os>
            <minimumVersion>
              <osMajorVersion>6</osMajorVersion>
              <osMinorVersion>0</osMinorVersion>
              <spMajorVersion>2</spMajorVersion>
            </minimumVersion>
            <maximumVersion>
              <osMajorVersion>6</osMajorVersion>
              <osMinorVersion>0</osMinorVersion>
              <spMajorVersion>2</spMajorVersion>
            </maximumVersion>
            <osTypes>
              <Server />
              <Ultimate />
              <Enterprise />
              <Business />
            </osTypes>
          </os>
        </osList>
        <installerFile>
          <fileSize>1024</fileSize>
          <installerURL>http://download.microsoft.com/download/7/6/C/76C510B5-BC0C-4AB7-A4D8-41EF010981AC/Windows6.0-KB980423-v4-x86.msu</installerURL>
          <trackingURL>http://go.microsoft.com/fwlink/?LinkID=167145</trackingURL>
          <sha1>fa654952475761a05273d50cfcd8699b961fb838</sha1>
        </installerFile>
        <installCommands>
          <msuInstall>
            <msu>%InstallerFile%</msu>
            <commandLineArguments>/quiet /norestart</commandLineArguments>
          </msuInstall>
        </installCommands>
        <helpLink>http://forums.iis.net/1155.aspx</helpLink>
      </installer>
    </installers>
  </entry>
  <!-- KB 980423 Win7-->
  <entry>
    <productId>KB980423-Win7</productId>
    <title resourceName="Entry_KB980423-Win7_Title">KB980423</title>
    <author>
      <name>Microsoft</name>
      <uri>http://www.microsoft.com/</uri>
    </author>
    <discoveryHint>
      <file>
        <filePath>%windir%\system32\inetsrv\nativerd.dll</filePath>
        <minimumVersion>7.5.7600.20639</minimumVersion>
      </file>
    </discoveryHint>
    <installers>
      <!-- x64 Win 7-->
      <installer>
        <id>1</id>
        <languageId>en</languageId>
        <architectures>
          <x64 />
        </architectures>
        <osList>
          <os>
            <minimumVersion>
              <osMajorVersion>6</osMajorVersion>
              <osMinorVersion>1</osMinorVersion>
              <spMajorVersion>0</spMajorVersion>
            </minimumVersion>
            <maximumVersion>
              <osMajorVersion>6</osMajorVersion>
              <osMinorVersion>1</osMinorVersion>
              <spMajorVersion>1</spMajorVersion>
            </maximumVersion>
            <osTypes>
              <Server />
              <Ultimate />
              <Enterprise />
              <Business />
            </osTypes>
          </os>
        </osList>
        <installerFile>
          <fileSize>1612</fileSize>
          <installerURL>http://download.microsoft.com/download/9/A/4/9A47AEC7-FA8B-4E66-A41F-DAFBDE9B60CE/Windows6.1-KB980423-x64.msu</installerURL>
          <trackingURL>http://go.microsoft.com/fwlink/?LinkID=167145</trackingURL>
          <sha1>59d6dad815ce831d167531ced4df7b826e79599e</sha1>
        </installerFile>
        <installCommands>
          <msuInstall>
            <msu>%InstallerFile%</msu>
            <commandLineArguments>/quiet /norestart</commandLineArguments>
          </msuInstall>
        </installCommands>
        <helpLink>http://forums.iis.net/1155.aspx</helpLink>
      </installer>
      <!-- x86 Win 7-->
      <installer>
        <id>2</id>
        <languageId>en</languageId>
        <architectures>
          <x86 />
        </architectures>
        <osList>
          <os>
            <minimumVersion>
              <osMajorVersion>6</osMajorVersion>
              <osMinorVersion>1</osMinorVersion>
              <spMajorVersion>0</spMajorVersion>
            </minimumVersion>
            <maximumVersion>
              <osMajorVersion>6</osMajorVersion>
              <osMinorVersion>1</osMinorVersion>
              <spMajorVersion>1</spMajorVersion>
            </maximumVersion>
            <osTypes>
              <Server />
              <Ultimate />
              <Enterprise />
              <Business />
            </osTypes>
          </os>
        </osList>
        <installerFile>
          <fileSize>917</fileSize>
          <installerURL>http://download.microsoft.com/download/7/5/8/7583FCE0-9C7C-4FA9-BC38-67533C061815/Windows6.1-KB980423-x86.msu</installerURL>
          <trackingURL>http://go.microsoft.com/fwlink/?LinkID=167145</trackingURL>
          <sha1>571f0274b5df922f5034defd5be61a71a10f75bd</sha1>
        </installerFile>
        <installCommands>
          <msuInstall>
            <msu>%InstallerFile%</msu>
            <commandLineArguments>/quiet /norestart</commandLineArguments>
          </msuInstall>
        </installCommands>
        <helpLink>http://forums.iis.net/1155.aspx</helpLink>
      </installer>
    </installers>
  </entry>
  <!-- KB 983484 Win7-->
  <entry>
    <productId>KB983484-Win7</productId>
    <title resourceName="Entry_KB983484-Win7_Title">KB983484</title>
    <author>
      <name>Microsoft</name>
      <uri>http://www.microsoft.com/</uri>
    </author>
    <discoveryHint>
      <file>
        <filePath>%windir%\system32\inetsrv\w3wphost.dll</filePath>
        <minimumVersion>7.5.7600.20708</minimumVersion>
      </file>
    </discoveryHint>
    <installers>
      <!-- x64 Win 7-->
      <installer>
        <id>1</id>
        <languageId>en</languageId>
        <architectures>
          <x64 />
        </architectures>
        <osList>
          <os>
            <minimumVersion>
              <osMajorVersion>6</osMajorVersion>
              <osMinorVersion>1</osMinorVersion>
              <spMajorVersion>0</spMajorVersion>
            </minimumVersion>
            <maximumVersion>
              <osMajorVersion>6</osMajorVersion>
              <osMinorVersion>1</osMinorVersion>
              <spMajorVersion>1</spMajorVersion>
            </maximumVersion>
            <osTypes>
              <Server />
              <Ultimate />
              <Enterprise />
              <Business />
            </osTypes>
          </os>
        </osList>
        <installerFile>
          <fileSize>559</fileSize>
          <installerURL>http://download.microsoft.com/download/1/7/9/17927EB2-C43C-46E2-9343-751DB786B9FF/Windows6.1-KB983484-x64.msu</installerURL>
          <trackingURL>http://go.microsoft.com/fwlink/?LinkID=167145</trackingURL>
          <sha1>e85ef64077911b62ca2d77b8dc96aabbf3d7c788</sha1>
        </installerFile>
        <installCommands>
          <msuInstall>
            <msu>%InstallerFile%</msu>
            <commandLineArguments>/quiet /norestart</commandLineArguments>
          </msuInstall>
        </installCommands>
        <helpLink>http://forums.iis.net/1155.aspx</helpLink>
      </installer>
      <!-- x84 Win 7-->
      <installer>
        <id>2</id>
        <languageId>en</languageId>
        <architectures>
          <x86 />
        </architectures>
        <osList>
          <os>
            <minimumVersion>
              <osMajorVersion>6</osMajorVersion>
              <osMinorVersion>1</osMinorVersion>
              <spMajorVersion>0</spMajorVersion>
            </minimumVersion>
            <maximumVersion>
              <osMajorVersion>6</osMajorVersion>
              <osMinorVersion>1</osMinorVersion>
              <spMajorVersion>1</spMajorVersion>
            </maximumVersion>
            <osTypes>
              <Server />
              <Ultimate />
              <Enterprise />
              <Business />
            </osTypes>
          </os>
        </osList>
        <installerFile>
          <fileSize>1612</fileSize>
          <installerURL>http://download.microsoft.com/download/B/D/A/BDA325FF-F30E-4DE4-A0E6-F8BB62A7AE1E/Windows6.1-KB983484-x86.msu</installerURL>
          <trackingURL>http://go.microsoft.com/fwlink/?LinkID=167145</trackingURL>
          <sha1>19c99b26dc3417f4d1afe406750101af0ff7a096</sha1>
        </installerFile>
        <installCommands>
          <msuInstall>
            <msu>%InstallerFile%</msu>
            <commandLineArguments>/quiet /norestart</commandLineArguments>
          </msuInstall>
        </installCommands>
        <helpLink>http://forums.iis.net/1155.aspx</helpLink>
      </installer>
    </installers>
  </entry>
  <!-- Previous AppFabric Releases detection Logic-->
  <entry>
    <productId>Incompatible_AppFabric</productId>
    <title resourceName="Entry_Incompatible_AppFabric_Title">Incompatible Releases of Windows Server AppFabric</title>
    <author>
      <name>Microsoft</name>
      <uri>http://www.microsoft.com/</uri>
    </author>
    <longSummary resourceName="Entry_Incompatible_AppFabric_LongSummary">Incompatible Releases of Windows Server AppFabric</longSummary>
    <link href="http://www.microsoft.com/NET/Dublin.aspx" />
    <id>http://www.microsoft.com/web/webpi/windowsserverappfabricB1</id>
    <discoveryHint>
      <or>
        <!--Beta 1-->
        <discoveryHint>
          <registry>
            <keyPath>HKEY_LOCAL_MACHINE\SOFTWARE\Microsoft\ApplicationServerExtensions</keyPath>
            <valueName>ProductVersion</valueName>
          </registry>
        </discoveryHint>
        <!--Beta 2 Preview-->
        <discoveryHint>
          <registry>
            <keyPath>HKEY_LOCAL_MACHINE\SOFTWARE\Microsoft\ApplicationServerExtensions\v1.0\</keyPath>
            <valueName>ProductVersion</valueName>
          </registry>
        </discoveryHint>
        <!--Beta 2-->
        <discoveryHint>
          <registry>
            <keyPath>HKEY_LOCAL_MACHINE\SOFTWARE\Microsoft\AppFabric\v1.0\</keyPath>
            <valueName>ProductVersion</valueName>
            <valueValue>1.0.1940.8</valueValue>
          </registry>
        </discoveryHint>
        <!--Beta 2 Refresh-->
        <discoveryHint>
          <registry>
            <keyPath>HKEY_LOCAL_MACHINE\SOFTWARE\Microsoft\AppFabric\v1.0\</keyPath>
            <valueName>ProductVersion</valueName>
            <valueValue>1.0.1997.2</valueValue>
          </registry>
        </discoveryHint>
        <!--RC-->
        <discoveryHint>
          <registry>
            <keyPath>HKEY_LOCAL_MACHINE\SOFTWARE\Microsoft\AppFabric\v1.0\</keyPath>
            <valueName>ProductVersion</valueName>
            <valueValue>1.0.2019.2</valueValue>
          </registry>
        </discoveryHint>
      </or>
    </discoveryHint>
  </entry>
  <!-- Previous .NET Releases detection Logic-->
  <entry>
    <productId>Incompatible_.NET4</productId>
    <title resourceName="Entry_Incompatible_NET4_Title">Incompatible Releases of Microsoft .NET 4</title>
    <author>
      <name>Microsoft</name>
      <uri>http://www.microsoft.com/</uri>
    </author>
    <longSummary resourceName="Entry_Incompatible_NET4_LongSummary">Incompatible Releases of of Microsoft .NET 4</longSummary>
    <link href="http://www.microsoft.com/NET/Dublin.aspx" />
    <id>http://www.microsoft.com/web/webpi/windowsserverappfabricB1</id>
    <discoveryHint>
      <or>
        <!--Beta 1-->
        <discoveryHint>
          <registry>
            <keyPath>HKEY_LOCAL_MACHINE\SOFTWARE\Microsoft\NET Framework Setup\NDP\v4\Full</keyPath>
            <valueName>Version</valueName>
            <valueValue>4.0.20506</valueValue>
          </registry>
        </discoveryHint>
        <!--Beta 2 -->
        <discoveryHint>
          <registry>
            <keyPath>HKEY_LOCAL_MACHINE\SOFTWARE\Microsoft\NET Framework Setup\NDP\v4\Full</keyPath>
            <valueName>Version</valueName>
            <valueValue>4.0.21006</valueValue>
          </registry>
        </discoveryHint>
        <!--Beta RC-->
        <discoveryHint>
          <registry>
            <keyPath>HKEY_LOCAL_MACHINE\SOFTWARE\Microsoft\NET Framework Setup\NDP\v4\Full</keyPath>
            <valueName>Version</valueName>
            <valueValue>4.0.30128</valueValue>
          </registry>
        </discoveryHint>
      </or>
    </discoveryHint>
  </entry>
  <!-- SP V3 dummy entry -->
  <entry>
    <external />
    <productId>WSSV3</productId>
    <title resourceName="Entry_WSSV3_Title">Microsoft Windows SharePoint Services 3.0</title>
    <version>3.0</version>
    <id>http://www.microsoft.com/web/webpi/wss30</id>
    <updated>2009-3-17T16:30:00Z</updated>
    <published>2009-3-17T12:30:00Z</published>
    <productFamily resourceName="SharePoint">SharePoint</productFamily>
    <longSummary resourceName="Entry_WSSV3_LongSummary">Microsoft Windows SharePoint Services 3.0</longSummary>
    <link href="http://sharepoint.microsoft.com" />
    <images>
      <icon>http://www.microsoft.com/web/media/gallery/apps-screenshots/shrpt_v_rgb.png</icon>
    </images>
    <author>
      <name>Microsoft</name>
      <uri>http://www.microsoft.com/</uri>
    </author>
    <discoveryHint>
      <registry>
        <keyPath>HKEY_LOCAL_MACHINE\SOFTWARE\Microsoft\Shared Tools\Web Server Extensions\12.0</keyPath>
        <valueName>SharePoint</valueName>
        <valueValue>Installed</valueValue>
      </registry>
    </discoveryHint>
  </entry>
  <!-- SP V2 dummy entry -->
  <entry>
    <external />
    <productId>WSSV2</productId>
    <title resourceName="Entry_WSSV2_Title">Microsoft Windows SharePoint Services 2.0</title>
    <version>2.0</version>
    <id>https://ajax.aspnetcdn.com/ajax/webpi/wss20</id>
    <updated>2009-3-17T16:30:00Z</updated>
    <published>2009-3-17T12:30:00Z</published>
    <productFamily resourceName="SharePoint">SharePoint</productFamily>
    <longSummary resourceName="Entry_WSSV2_LongSummary">Microsoft Windows SharePoint Services 2.0</longSummary>
    <link href="http://sharepoint.microsoft.com" />
    <images>
      <icon>http://www.microsoft.com/web/media/gallery/apps-screenshots/shrpt_v_rgb.png</icon>
    </images>
    <author>
      <name>Microsoft</name>
      <uri>http://www.microsoft.com/</uri>
    </author>
    <discoveryHint>
      <registry>
        <keyPath>HKEY_LOCAL_MACHINE\SOFTWARE\Microsoft\Shared Tools\Web Server Extensions\6.0</keyPath>
        <valueName>SharePoint</valueName>
        <valueValue>Installed</valueValue>
      </registry>
    </discoveryHint>
  </entry>
</feed>