﻿<?xml version="1.0" encoding="utf-8"?>
<feed xmlns="http://www.w3.org/2005/Atom">
  <webpiFile version="4.0.0.0" />
  <title>Media Platform Installer 5.0 Feed</title>
  <link href="https://webpifeed.blob.core.windows.net/webpifeed/MediaProductList.xml" />
  <updated>2009-3-17T16:30:00Z</updated>
  <author>
    <name>Microsoft</name>
    <uri>http://www.microsoft.com/</uri>
  </author>
  <id>https://webpifeed.blob.core.windows.net/webpifeed/MediaProductList.xml</id>
  <!-- Resources -->
  <resourcesList>
    <resources>
      <culture>en</culture>
      <!-- included in file -->
    </resources>
    <resources>
      <culture>de</culture>
      <url>https://webpifeed.blob.core.windows.net/webpifeed/resources/MediaProductList_de.xml</url>
    </resources>
    <resources>
      <culture>es</culture>
      <url>https://webpifeed.blob.core.windows.net/webpifeed/resources/MediaProductList_es.xml</url>
    </resources>
    <resources>
      <culture>fr</culture>
      <url>https://webpifeed.blob.core.windows.net/webpifeed/resources/MediaProductList_fr.xml</url>
    </resources>
    <resources>
      <culture>it</culture>
      <url>https://webpifeed.blob.core.windows.net/webpifeed/resources/MediaProductList_it.xml</url>
    </resources>
    <resources>
      <culture>ja</culture>
      <url>https://webpifeed.blob.core.windows.net/webpifeed/resources/MediaProductList_ja.xml</url>
    </resources>
    <resources>
      <culture>ko</culture>
      <url>https://webpifeed.blob.core.windows.net/webpifeed/resources/MediaProductList_ko.xml</url>
    </resources>
    <resources>
      <culture>ru</culture>
      <url>https://webpifeed.blob.core.windows.net/webpifeed/resources/MediaProductList_ru.xml</url>
    </resources>
    <resources>
      <culture>zh-cn</culture>
      <url>https://webpifeed.blob.core.windows.net/webpifeed/resources/MediaProductList_zh-cn.xml</url>
    </resources>
    <resources>
      <culture>zh-tw</culture>
      <url>https://webpifeed.blob.core.windows.net/webpifeed/resources/MediaProductList_zh-tw.xml</url>
    </resources>
    <resources>
      <culture>zh-hk</culture>
      <url>https://webpifeed.blob.core.windows.net/webpifeed/resources/MediaProductList_zh-tw.xml</url>
    </resources>
    <resources>
      <culture>tr</culture>
      <url>https://webpifeed.blob.core.windows.net/webpifeed/resources/MediaProductList_tr.xml</url>
    </resources>
    <resources>
      <culture>pl</culture>
      <url>https://webpifeed.blob.core.windows.net/webpifeed/resources/MediaProductList_pl.xml</url>
    </resources>
    <resources>
      <culture>pt-br</culture>
      <url>https://webpifeed.blob.core.windows.net/webpifeed/resources/MediaProductList_pt-br.xml</url>
    </resources>
    <resources>
      <culture>cs</culture>
      <url>https://webpifeed.blob.core.windows.net/webpifeed/resources/MediaProductList_cs.xml</url>
    </resources>
  </resourcesList>
  <!--IIS Media Services 2.0 detection logic-->
  <entry>
    <productId>MediaServices2</productId>
    <title resourceName="Entry_MediaServices2_Title">IIS Media Services 2.0</title>
    <id>https://ajax.aspnetcdn.com/ajax/webpi/mediaservices_2</id>
    <link href="http://www.iis.net/media" />
    <author>
      <name>Microsoft</name>
      <uri>http://www.iis.net/</uri>
    </author>
    <discoveryHint>
      <or>
        <discoveryHint>
          <registry>
            <keyPath>HKEY_LOCAL_MACHINE\SOFTWARE\Microsoft\IIS Extensions\Web Playlists\2.0.0</keyPath>
            <valueName>Install</valueName>
            <valueValue>1</valueValue>
          </registry>
        </discoveryHint>
        <discoveryHint>
          <registry>
            <keyPath>HKEY_LOCAL_MACHINE\SOFTWARE\Microsoft\IIS Extensions\Bitrate Throttling\2.0.0</keyPath>
            <valueName>Install</valueName>
            <valueValue>1</valueValue>
          </registry>
        </discoveryHint>
        <discoveryHint>
          <registry>
            <keyPath>HKEY_LOCAL_MACHINE\SOFTWARE\Microsoft\IIS Extensions\Smooth Streaming\2.0.0</keyPath>
            <valueName>Install</valueName>
            <valueValue>1</valueValue>
          </registry>
        </discoveryHint>
        <discoveryHint>
          <registry>
            <keyPath>HKEY_LOCAL_MACHINE\SOFTWARE\Microsoft\IIS Extensions\IIS Media\2.0.1</keyPath>
            <valueName>Install</valueName>
            <valueValue>1</valueValue>
          </registry>
        </discoveryHint>
      </or>
    </discoveryHint>
  </entry>
  <!-- Media Services 3.0 detection logic -->
  <entry>
    <productId>MediaServices3</productId>
    <title resourceName="Entry_MediaServices3_Title">IIS Media Services 3.0</title>
    <id>https://ajax.aspnetcdn.com/ajax/webpi/mediaservices</id>
    <link href="http://www.iis.net/media" />
    <author>
      <name>Microsoft</name>
      <uri>http://www.iis.net/</uri>
    </author>
    <discoveryHint>
      <and>
        <discoveryHint>
          <registry>
            <keyPath>HKEY_LOCAL_MACHINE\SOFTWARE\Microsoft\IIS Extensions\IIS Media Services\3</keyPath>
            <valueName>Version</valueName>
            <valueValue>3</valueValue>
          </registry>
        </discoveryHint>
        <discoveryHint>
          <registry>
            <keyPath>HKEY_LOCAL_MACHINE\SOFTWARE\Microsoft\IIS Extensions\IIS Media Services\3</keyPath>
            <valueName>Minor Version</valueName>
            <valueValue>0</valueValue>
          </registry>
        </discoveryHint>
      </and>
    </discoveryHint>
  </entry>
  <!-- Media Services 4.1 -->
  <entry>
    <productId>MediaServices</productId>
    <title resourceName="Entry_MediaServices_Title">IIS Media Services 4.1</title>
    <version>4.1.0</version>
    <summary resourceName="Entry_MediaServices_Summary">Smooth Streaming, Live Smooth Streaming, Bit Rate Throttling, and Web Playlists</summary>
    <longSummary resourceName="Entry_MediaServices_LongSummary">Smooth Streaming enables adaptive streaming of on-demand media files for Smooth Streaming-compatible clients, including Microsoft® Silverlight™. Live Smooth Streaming enables adaptive streaming of live media broadcasts for Smooth Streaming-compatible clients. A new feature in IIS Media Services is support for managing Live Smooth Streaming publishing points programmatically using IIS Smooth Streaming Management REST API's.</longSummary>
    <mediaFamily resourceName="Media">Media</mediaFamily>
    <id>https://ajax.aspnetcdn.com/ajax/webpi/mediaservices</id>
    <updated>2012-6-6T15:00:00Z</updated>
    <published>2012-6-6T16:30:24Z</published>
    <link href="http://www.iis.net/media" />
    <images>
      <icon>http://www.microsoft.com/web/media/gallery/apps-screenshots/Microsoft-MediaServices2.png</icon>
    </images>
    <author>
      <name>Microsoft</name>
      <uri>http://www.iis.net/media</uri>
    </author>
    <keywords>
      <keywordId>Server</keywordId>
    </keywords>
    <discoveryHint>
      <and>
        <discoveryHint>
          <registry>
            <keyPath>HKEY_LOCAL_MACHINE\SOFTWARE\Microsoft\IIS Extensions\IIS Media Services\4</keyPath>
            <valueName>Version</valueName>
            <valueValue>4</valueValue>
          </registry>
        </discoveryHint>
        <discoveryHint>
          <registry>
            <keyPath>HKEY_LOCAL_MACHINE\SOFTWARE\Microsoft\IIS Extensions\IIS Media Services\4</keyPath>
            <valueName>Minor Version</valueName>
            <valueValue>1</valueValue>
          </registry>
        </discoveryHint>
      </and>
    </discoveryHint>
    <dependency>
      <productId>StaticContent</productId>
    </dependency>
    <incompatibilities>
      <incompatibleProduct>
        <productId>MediaServices2</productId>
      </incompatibleProduct>
    </incompatibilities>
    <installers>
      <!-- x86 English -->
      <installer>
        <id>1</id>
        <languageId>en</languageId>
        <architectures>
          <x86 />
        </architectures>
        <osList>
          <os>
            <minimumVersion>
              <osMajorVersion>6</osMajorVersion>
              <osMinorVersion>0</osMinorVersion>
              <spMajorVersion>1</spMajorVersion>
            </minimumVersion>
            <osTypes>
              <Server />
              <HomePremium />
              <Ultimate />
              <Enterprise />
              <Business />
            </osTypes>
          </os>
        </osList>
        <eulaURL>https://ajax.aspnetcdn.com/ajax/webpi/eula/IIS_Media_services_4.1_RTW_EULA.htm</eulaURL>
        <installerFile>
          <fileSize>1536</fileSize>
          <installerURL>http://download.microsoft.com/download/9/E/A/9EA89305-2B2E-4379-8C1B-69FFFFD4D4FD/IISMedia32.msi</installerURL>
          <sha1>8f23129fc9c3d9d43e86d3ea9d2b3cd67053c592</sha1>
        </installerFile>
        <installCommands>
          <msiInstall>
            <msi>%InstallerFile%</msi>
          </msiInstall>
        </installCommands>
      </installer>
      <!-- x64 English -->
      <installer>
        <id>2</id>
        <languageId>en</languageId>
        <architectures>
          <x64 />
        </architectures>
        <osList>
          <os>
            <minimumVersion>
              <osMajorVersion>6</osMajorVersion>
              <osMinorVersion>0</osMinorVersion>
              <spMajorVersion>1</spMajorVersion>
            </minimumVersion>
            <osTypes>
              <Server />
              <HomePremium />
              <Ultimate />
              <Enterprise />
              <Business />
            </osTypes>
          </os>
        </osList>
        <eulaURL>https://ajax.aspnetcdn.com/ajax/webpi/eula/IIS_Media_services_4.1_RTW_EULA.htm</eulaURL>
        <installerFile>
          <fileSize>2080</fileSize>
          <installerURL>http://download.microsoft.com/download/1/7/5/175931F3-DCF8-4E8F-A62D-884C5ACF6D46/IISMedia64.msi</installerURL>
          <sha1>4f9766e6b364af030e34b314fd3ec0c4bfc8f855</sha1>
        </installerFile>
        <installCommands>
          <msiInstall>
            <msi>%InstallerFile%</msi>
          </msiInstall>
        </installCommands>
      </installer>
      <!-- x86 German -->
      <installer>
        <id>3</id>
        <languageId>de</languageId>
        <architectures>
          <x86 />
        </architectures>
        <osList>
          <os>
            <minimumVersion>
              <osMajorVersion>6</osMajorVersion>
              <osMinorVersion>0</osMinorVersion>
              <spMajorVersion>1</spMajorVersion>
            </minimumVersion>
            <osTypes>
              <Server />
              <HomePremium />
              <Ultimate />
              <Enterprise />
              <Business />
            </osTypes>
          </os>
        </osList>
        <eulaURL>https://ajax.aspnetcdn.com/ajax/webpi/eula/IIS_Media_services_4.1_RTW_EULA_de.htm</eulaURL>
        <installerFile>
          <fileSize>1412</fileSize>
          <installerURL>http://download.microsoft.com/download/1/2/A/12AE754C-EFB5-4407-A4A6-3A7753E44C00/IISMedia_x86_de-DE.msi</installerURL>
          <sha1>e53c76f2c8dc5328288a3f0ded39070e8347b5f2</sha1>
        </installerFile>
        <installCommands>
          <msiInstall>
            <msi>%InstallerFile%</msi>
          </msiInstall>
        </installCommands>
      </installer>
      <!-- x64 German -->
      <installer>
        <id>4</id>
        <languageId>de</languageId>
        <architectures>
          <x64 />
        </architectures>
        <osList>
          <os>
            <minimumVersion>
              <osMajorVersion>6</osMajorVersion>
              <osMinorVersion>0</osMinorVersion>
              <spMajorVersion>1</spMajorVersion>
            </minimumVersion>
            <osTypes>
              <Server />
              <HomePremium />
              <Ultimate />
              <Enterprise />
              <Business />
            </osTypes>
          </os>
        </osList>
        <eulaURL>https://ajax.aspnetcdn.com/ajax/webpi/eula/IIS_Media_services_4.1_RTW_EULA_de.htm</eulaURL>
        <installerFile>
          <fileSize>1956</fileSize>
          <installerURL>http://download.microsoft.com/download/9/5/3/95328C26-456E-4FC5-A6E7-15D20C7F8858/IISMedia_amd64_de-DE.msi</installerURL>
          <sha1>2820a7444ddfcac79a46af5afc5513c40a940afb</sha1>
        </installerFile>
        <installCommands>
          <msiInstall>
            <msi>%InstallerFile%</msi>
          </msiInstall>
        </installCommands>
      </installer>
      <!-- x86 Spanish -->
      <installer>
        <id>5</id>
        <languageId>es</languageId>
        <architectures>
          <x86 />
        </architectures>
        <osList>
          <os>
            <minimumVersion>
              <osMajorVersion>6</osMajorVersion>
              <osMinorVersion>0</osMinorVersion>
              <spMajorVersion>1</spMajorVersion>
            </minimumVersion>
            <osTypes>
              <Server />
              <HomePremium />
              <Ultimate />
              <Enterprise />
              <Business />
            </osTypes>
          </os>
        </osList>
        <eulaURL>https://ajax.aspnetcdn.com/ajax/webpi/eula/IIS_Media_services_4.1_RTW_EULA_es.htm</eulaURL>
        <installerFile>
          <fileSize>1408</fileSize>
          <installerURL>http://download.microsoft.com/download/6/3/4/634A2AE3-375B-46BD-83AB-B8A53F2694AA/IISMedia_x86_es-ES.msi</installerURL>
          <sha1>5b151a8ed6b819b3b336d2500bbb16b51abffa4c</sha1>
        </installerFile>
        <installCommands>
          <msiInstall>
            <msi>%InstallerFile%</msi>
          </msiInstall>
        </installCommands>
      </installer>
      <!-- x64 Spanish -->
      <installer>
        <id>6</id>
        <languageId>es</languageId>
        <architectures>
          <x64 />
        </architectures>
        <osList>
          <os>
            <minimumVersion>
              <osMajorVersion>6</osMajorVersion>
              <osMinorVersion>0</osMinorVersion>
              <spMajorVersion>1</spMajorVersion>
            </minimumVersion>
            <osTypes>
              <Server />
              <HomePremium />
              <Ultimate />
              <Enterprise />
              <Business />
            </osTypes>
          </os>
        </osList>
        <eulaURL>https://ajax.aspnetcdn.com/ajax/webpi/eula/IIS_Media_services_4.1_RTW_EULA_es.htm</eulaURL>
        <installerFile>
          <fileSize>1956</fileSize>
          <installerURL>http://download.microsoft.com/download/4/4/E/44EF02FE-68C0-4897-BF57-021B96311AA9/IISMedia_amd64_es-ES.msi</installerURL>
          <sha1>82e9653105d396b5a1a7de2309b0a73d5f91dc73</sha1>
        </installerFile>
        <installCommands>
          <msiInstall>
            <msi>%InstallerFile%</msi>
          </msiInstall>
        </installCommands>
      </installer>
      <!-- x86 French -->
      <installer>
        <id>7</id>
        <languageId>fr</languageId>
        <architectures>
          <x86 />
        </architectures>
        <osList>
          <os>
            <minimumVersion>
              <osMajorVersion>6</osMajorVersion>
              <osMinorVersion>0</osMinorVersion>
              <spMajorVersion>1</spMajorVersion>
            </minimumVersion>
            <osTypes>
              <Server />
              <HomePremium />
              <Ultimate />
              <Enterprise />
              <Business />
            </osTypes>
          </os>
        </osList>
        <eulaURL>https://ajax.aspnetcdn.com/ajax/webpi/eula/IIS_Media_services_4.1_RTW_EULA_fr.htm</eulaURL>
        <installerFile>
          <fileSize>1412</fileSize>
          <installerURL>http://download.microsoft.com/download/3/6/3/3636C681-9473-43C1-887C-A06D3F797079/IISMedia_x86_fr-FR.msi</installerURL>
          <sha1>61d67e5179bd8046d007571223e06034ffcc7c68</sha1>
        </installerFile>
        <installCommands>
          <msiInstall>
            <msi>%InstallerFile%</msi>
          </msiInstall>
        </installCommands>
      </installer>
      <!-- x64 French -->
      <installer>
        <id>8</id>
        <languageId>fr</languageId>
        <architectures>
          <x64 />
        </architectures>
        <osList>
          <os>
            <minimumVersion>
              <osMajorVersion>6</osMajorVersion>
              <osMinorVersion>0</osMinorVersion>
              <spMajorVersion>1</spMajorVersion>
            </minimumVersion>
            <osTypes>
              <Server />
              <HomePremium />
              <Ultimate />
              <Enterprise />
              <Business />
            </osTypes>
          </os>
        </osList>
        <eulaURL>https://ajax.aspnetcdn.com/ajax/webpi/eula/IIS_Media_services_4.1_RTW_EULA_fr.htm</eulaURL>
        <installerFile>
          <fileSize>1956</fileSize>
          <installerURL>http://download.microsoft.com/download/C/7/E/C7E3028E-813C-4C35-A53D-71C004D70D95/IISMedia_amd64_fr-FR.msi</installerURL>
          <sha1>e107f8cd74d774c73eebc19354fce07648f61c4a</sha1>
        </installerFile>
        <installCommands>
          <msiInstall>
            <msi>%InstallerFile%</msi>
          </msiInstall>
        </installCommands>
      </installer>
      <!-- x86 Italian -->
      <installer>
        <id>9</id>
        <languageId>it</languageId>
        <architectures>
          <x86 />
        </architectures>
        <osList>
          <os>
            <minimumVersion>
              <osMajorVersion>6</osMajorVersion>
              <osMinorVersion>0</osMinorVersion>
              <spMajorVersion>1</spMajorVersion>
            </minimumVersion>
            <osTypes>
              <Server />
              <HomePremium />
              <Ultimate />
              <Enterprise />
              <Business />
            </osTypes>
          </os>
        </osList>
        <eulaURL>https://ajax.aspnetcdn.com/ajax/webpi/eula/IIS_Media_services_4.1_RTW_EULA_it.htm</eulaURL>
        <installerFile>
          <fileSize>1412</fileSize>
          <installerURL>http://download.microsoft.com/download/7/7/F/77FEA49E-9EDD-4840-9700-4A732DAADA61/IISMedia_x86_it-IT.msi</installerURL>
          <sha1>9cf61e6a5d1b3f5e83424aefc47c24af2145d348</sha1>
        </installerFile>
        <installCommands>
          <msiInstall>
            <msi>%InstallerFile%</msi>
          </msiInstall>
        </installCommands>
      </installer>
      <!-- x64 Italian -->
      <installer>
        <id>10</id>
        <languageId>it</languageId>
        <architectures>
          <x64 />
        </architectures>
        <osList>
          <os>
            <minimumVersion>
              <osMajorVersion>6</osMajorVersion>
              <osMinorVersion>0</osMinorVersion>
              <spMajorVersion>1</spMajorVersion>
            </minimumVersion>
            <osTypes>
              <Server />
              <HomePremium />
              <Ultimate />
              <Enterprise />
              <Business />
            </osTypes>
          </os>
        </osList>
        <eulaURL>https://ajax.aspnetcdn.com/ajax/webpi/eula/IIS_Media_services_4.1_RTW_EULA_it.htm</eulaURL>
        <installerFile>
          <fileSize>1956</fileSize>
          <installerURL>http://download.microsoft.com/download/D/8/4/D84D8E53-7297-45B0-8A9C-28AFE13FFAC7/IISMedia_amd64_it-IT.msi</installerURL>
          <sha1>59cf27cd82e62927b3e9c6b87314cb4efd237d97</sha1>
        </installerFile>
        <installCommands>
          <msiInstall>
            <msi>%InstallerFile%</msi>
          </msiInstall>
        </installCommands>
      </installer>
      <!-- x86 Japanese -->
      <installer>
        <id>11</id>
        <languageId>ja</languageId>
        <architectures>
          <x86 />
        </architectures>
        <osList>
          <os>
            <minimumVersion>
              <osMajorVersion>6</osMajorVersion>
              <osMinorVersion>0</osMinorVersion>
              <spMajorVersion>1</spMajorVersion>
            </minimumVersion>
            <osTypes>
              <Server />
              <HomePremium />
              <Ultimate />
              <Enterprise />
              <Business />
            </osTypes>
          </os>
        </osList>
        <eulaURL>https://ajax.aspnetcdn.com/ajax/webpi/eula/IIS_Media_services_4.1_RTW_EULA_ja.htm</eulaURL>
        <installerFile>
          <fileSize>1412</fileSize>
          <installerURL>http://download.microsoft.com/download/9/5/6/956C28AF-1EAE-4437-B22E-3DBDF1B6BD47/IISMedia_x86_ja-JP.msi</installerURL>
          <sha1>4a5453e943bfb4a4adbd1c42676ca57526f482a0</sha1>
        </installerFile>
        <installCommands>
          <msiInstall>
            <msi>%InstallerFile%</msi>
          </msiInstall>
        </installCommands>
      </installer>
      <!-- x64 Japanese -->
      <installer>
        <id>12</id>
        <languageId>ja</languageId>
        <architectures>
          <x64 />
        </architectures>
        <osList>
          <os>
            <minimumVersion>
              <osMajorVersion>6</osMajorVersion>
              <osMinorVersion>0</osMinorVersion>
              <spMajorVersion>1</spMajorVersion>
            </minimumVersion>
            <osTypes>
              <Server />
              <HomePremium />
              <Ultimate />
              <Enterprise />
              <Business />
            </osTypes>
          </os>
        </osList>
        <eulaURL>https://ajax.aspnetcdn.com/ajax/webpi/eula/IIS_Media_services_4.1_RTW_EULA_ja.htm</eulaURL>
        <installerFile>
          <fileSize>1956</fileSize>
          <installerURL>http://download.microsoft.com/download/1/F/F/1FFA0104-4E06-4E18-B8E8-A94BC9E1C40A/IISMedia_amd64_ja-JP.msi</installerURL>
          <sha1>819f5916fb91c5ad173070989a1a2ce1534eb59d</sha1>
        </installerFile>
        <installCommands>
          <msiInstall>
            <msi>%InstallerFile%</msi>
          </msiInstall>
        </installCommands>
      </installer>
      <!-- x86 Korean -->
      <installer>
        <id>13</id>
        <languageId>ko</languageId>
        <architectures>
          <x86 />
        </architectures>
        <osList>
          <os>
            <minimumVersion>
              <osMajorVersion>6</osMajorVersion>
              <osMinorVersion>0</osMinorVersion>
              <spMajorVersion>1</spMajorVersion>
            </minimumVersion>
            <osTypes>
              <Server />
              <HomePremium />
              <Ultimate />
              <Enterprise />
              <Business />
            </osTypes>
          </os>
        </osList>
        <eulaURL>https://ajax.aspnetcdn.com/ajax/webpi/eula/IIS_Media_services_4.1_RTW_EULA_ko.htm</eulaURL>
        <installerFile>
          <fileSize>1408</fileSize>
          <installerURL>http://download.microsoft.com/download/C/6/1/C61CF859-A3C2-4F4F-B3A4-97F014FA8954/IISMedia_x86_ko-KR.msi</installerURL>
          <sha1>a8e8ac1856d31f198a74622d0428ccd37f4a3b9e</sha1>
        </installerFile>
        <installCommands>
          <msiInstall>
            <msi>%InstallerFile%</msi>
          </msiInstall>
        </installCommands>
      </installer>
      <!-- x64 Korean -->
      <installer>
        <id>14</id>
        <languageId>ko</languageId>
        <architectures>
          <x64 />
        </architectures>
        <osList>
          <os>
            <minimumVersion>
              <osMajorVersion>6</osMajorVersion>
              <osMinorVersion>0</osMinorVersion>
              <spMajorVersion>1</spMajorVersion>
            </minimumVersion>
            <osTypes>
              <Server />
              <HomePremium />
              <Ultimate />
              <Enterprise />
              <Business />
            </osTypes>
          </os>
        </osList>
        <eulaURL>https://ajax.aspnetcdn.com/ajax/webpi/eula/IIS_Media_services_4.1_RTW_EULA_ko.htm</eulaURL>
        <installerFile>
          <fileSize>1952</fileSize>
          <installerURL>http://download.microsoft.com/download/6/F/3/6F3A77B0-7999-4303-AE52-32C607B5CADA/IISMedia_amd64_ko-KR.msi</installerURL>
          <sha1>f5c1a52c586937312d9e4bd5f5883436a6690372</sha1>
        </installerFile>
        <installCommands>
          <msiInstall>
            <msi>%InstallerFile%</msi>
          </msiInstall>
        </installCommands>
      </installer>
      <!-- x86 Russian -->
      <installer>
        <id>15</id>
        <languageId>ru</languageId>
        <architectures>
          <x86 />
        </architectures>
        <osList>
          <os>
            <minimumVersion>
              <osMajorVersion>6</osMajorVersion>
              <osMinorVersion>0</osMinorVersion>
              <spMajorVersion>1</spMajorVersion>
            </minimumVersion>
            <osTypes>
              <Server />
              <HomePremium />
              <Ultimate />
              <Enterprise />
              <Business />
            </osTypes>
          </os>
        </osList>
        <eulaURL>https://ajax.aspnetcdn.com/ajax/webpi/eula/IIS_Media_services_4.1_RTW_EULA_ru.htm</eulaURL>
        <installerFile>
          <fileSize>1412</fileSize>
          <installerURL>http://download.microsoft.com/download/5/0/D/50D54640-EBA5-454C-8AB9-48F4DE577BB9/IISMedia_x86_ru-RU.msi</installerURL>
          <sha1>03cbe631f8caad9aa507f6b6d65850dabf91c805</sha1>
        </installerFile>
        <installCommands>
          <msiInstall>
            <msi>%InstallerFile%</msi>
          </msiInstall>
        </installCommands>
      </installer>
      <!-- x64 Russian -->
      <installer>
        <id>16</id>
        <languageId>ru</languageId>
        <architectures>
          <x64 />
        </architectures>
        <osList>
          <os>
            <minimumVersion>
              <osMajorVersion>6</osMajorVersion>
              <osMinorVersion>0</osMinorVersion>
              <spMajorVersion>1</spMajorVersion>
            </minimumVersion>
            <osTypes>
              <Server />
              <HomePremium />
              <Ultimate />
              <Enterprise />
              <Business />
            </osTypes>
          </os>
        </osList>
        <eulaURL>https://ajax.aspnetcdn.com/ajax/webpi/eula/IIS_Media_services_4.1_RTW_EULA_ru.htm</eulaURL>
        <installerFile>
          <fileSize>1944</fileSize>
          <installerURL>http://download.microsoft.com/download/0/C/6/0C66463B-C3CF-463D-A2EE-C494E9DFE34F/IISMedia_amd64_ru-RU.msi</installerURL>
          <sha1>eabb21759cc3e9afbafeec836f9cee321ab3e00e</sha1>
        </installerFile>
        <installCommands>
          <msiInstall>
            <msi>%InstallerFile%</msi>
          </msiInstall>
        </installCommands>
      </installer>
      <!-- x86 Simplified Chinese -->
      <installer>
        <id>17</id>
        <languageId>zh-cn</languageId>
        <architectures>
          <x86 />
        </architectures>
        <osList>
          <os>
            <minimumVersion>
              <osMajorVersion>6</osMajorVersion>
              <osMinorVersion>0</osMinorVersion>
              <spMajorVersion>1</spMajorVersion>
            </minimumVersion>
            <osTypes>
              <Server />
              <HomePremium />
              <Ultimate />
              <Enterprise />
              <Business />
            </osTypes>
          </os>
        </osList>
        <eulaURL>https://ajax.aspnetcdn.com/ajax/webpi/eula/IIS_Media_services_4.1_RTW_EULA_zh_cn.htm</eulaURL>
        <installerFile>
          <fileSize>1396</fileSize>
          <installerURL>http://download.microsoft.com/download/5/B/0/5B02510D-8293-4972-B640-6E378A732443/IISMedia_x86_zh-CN.msi</installerURL>
          <sha1>e74864f078506714d73866cce54fbde1656b8f82</sha1>
        </installerFile>
        <installCommands>
          <msiInstall>
            <msi>%InstallerFile%</msi>
          </msiInstall>
        </installCommands>
      </installer>
      <!-- x64 Simplified Chinese -->
      <installer>
        <id>18</id>
        <languageId>zh-cn</languageId>
        <architectures>
          <x64 />
        </architectures>
        <osList>
          <os>
            <minimumVersion>
              <osMajorVersion>6</osMajorVersion>
              <osMinorVersion>0</osMinorVersion>
              <spMajorVersion>1</spMajorVersion>
            </minimumVersion>
            <osTypes>
              <Server />
              <HomePremium />
              <Ultimate />
              <Enterprise />
              <Business />
            </osTypes>
          </os>
        </osList>
        <eulaURL>https://ajax.aspnetcdn.com/ajax/webpi/eula/IIS_Media_services_4.1_RTW_EULA_zh_cn.htm</eulaURL>
        <installerFile>
          <fileSize>1940</fileSize>
          <installerURL>http://download.microsoft.com/download/D/F/2/DF233814-7E50-43FF-8B5C-3FFD0C81BF80/IISMedia_amd64_zh-CN.msi</installerURL>
          <sha1>848ece3e147336e296822500ac337a94c350d3a6</sha1>
        </installerFile>
        <installCommands>
          <msiInstall>
            <msi>%InstallerFile%</msi>
          </msiInstall>
        </installCommands>
      </installer>
      <!-- x86 Traditional Chinese -->
      <installer>
        <id>19</id>
        <languageId>zh-tw</languageId>
        <architectures>
          <x86 />
        </architectures>
        <osList>
          <os>
            <minimumVersion>
              <osMajorVersion>6</osMajorVersion>
              <osMinorVersion>0</osMinorVersion>
              <spMajorVersion>1</spMajorVersion>
            </minimumVersion>
            <osTypes>
              <Server />
              <HomePremium />
              <Ultimate />
              <Enterprise />
              <Business />
            </osTypes>
          </os>
        </osList>
        <eulaURL>https://ajax.aspnetcdn.com/ajax/webpi/eula/IIS_Media_services_4.1_RTW_EULA_zh_tw.htm</eulaURL>
        <installerFile>
          <fileSize>1396</fileSize>
          <installerURL>http://download.microsoft.com/download/2/5/C/25C34A9A-189B-4077-9033-ACD9624A3A15/IISMedia_x86_zh-TW.msi</installerURL>
          <sha1>a2f66f50976b473a5fffa9e0431da7e9861609b3</sha1>
        </installerFile>
        <installCommands>
          <msiInstall>
            <msi>%InstallerFile%</msi>
          </msiInstall>
        </installCommands>
      </installer>
      <!-- x64 Traditional Chinese -->
      <installer>
        <id>20</id>
        <languageId>zh-tw</languageId>
        <architectures>
          <x64 />
        </architectures>
        <osList>
          <os>
            <minimumVersion>
              <osMajorVersion>6</osMajorVersion>
              <osMinorVersion>0</osMinorVersion>
              <spMajorVersion>1</spMajorVersion>
            </minimumVersion>
            <osTypes>
              <Server />
              <HomePremium />
              <Ultimate />
              <Enterprise />
              <Business />
            </osTypes>
          </os>
        </osList>
        <eulaURL>https://ajax.aspnetcdn.com/ajax/webpi/eula/IIS_Media_services_4.1_RTW_EULA_zh_tw.htm</eulaURL>
        <installerFile>
          <fileSize>1944</fileSize>
          <installerURL>http://download.microsoft.com/download/1/8/1/181E98FC-E5AD-4243-BA36-75D8E09239A0/IISMedia_amd64_zh-TW.msi</installerURL>
          <sha1>6dc2fd0d656fd78f582976d06498b201bed2646c</sha1>
        </installerFile>
        <installCommands>
          <msiInstall>
            <msi>%InstallerFile%</msi>
          </msiInstall>
        </installCommands>
      </installer>
    </installers>
  </entry>
  <!--Windows Media 2008 -->
  <entry>
    <productId>WindowsMediaServices</productId>
    <title resourceName="Entry_WindowsMediaServices_Title">Windows Media Services 2008</title>
    <version>9.5.6001</version>
    <summary resourceName="Entry_WindowsMediaServices_Summary">Windows Media Services 2008 provides live and on-demand Windows Media streaming</summary>
    <id>https://ajax.aspnetcdn.com/ajax/webpi/wms</id>
    <updated>2010-5-4T14:00:00Z</updated>
    <longSummary resourceName="Entry_WindowsMediaServices_LongSummary">Windows Media Services 2008 is a scalable, reliable and affordable streaming media server for delivering live and on-demand Windows Media content over almost any network. It offers twice the scalability of Windows Media Services 9.0.  Windows Media Services 2008 also supports a Server Core installation, and a Cache/Proxy plug-in is built in. More features are available on Windows Server 2008 Standard than in previous versions, and Windows Media Services now runs on Windows Web Server 2008.</longSummary>
    <mediaFamily resourceName="Media">Media</mediaFamily>
    <published>2009-3-17T12:30:00Z</published>
    <link href="http://go.microsoft.com/fwlink/?LinkId=134713" />
    <author>
      <name>Microsoft</name>
      <uri>http://go.microsoft.com/fwlink/?LinkId=134713</uri>
    </author>
    <keywords>
      <keywordId>Server</keywordId>
    </keywords>
    <images>
      <icon>https://ajax.aspnetcdn.com/ajax/media/gallery/apps-screenshots/Microsoft-MediaServices2.png</icon>
    </images>
    <discoveryHint>
      <file>
        <filePath>%SystemRoot%\Help\mui\0409\strmsvcs.chm</filePath>
      </file>
    </discoveryHint>
    <incompatibilities>
      <incompatibleProduct>
        <productId>WindowsMediaServicesR2</productId>
      </incompatibleProduct>
    </incompatibilities>
    <installers>
      <!-- x86 -->
      <installer>
        <id>1</id>
        <languageId>en</languageId>
        <architectures>
          <x86 />
        </architectures>
        <osList>
          <os>
            <minimumVersion>
              <osMajorVersion>6</osMajorVersion>
              <osMinorVersion>0</osMinorVersion>
            </minimumVersion>
            <maximumVersion>
              <osMajorVersion>6</osMajorVersion>
              <osMinorVersion>0</osMinorVersion>
            </maximumVersion>
            <osTypes>
              <Server />
            </osTypes>
          </os>
        </osList>
        <eulaURL>http://www.iis.net/downloads/files/EULA/WMS_RTW.html</eulaURL>
        <installerFile>
          <fileSize>16689</fileSize>
          <installerURL>http://download.microsoft.com/download/4/d/f/4df0ece1-d37b-460f-a64e-cb6843e570b1/Windows6.0-KB934518-x86-Server.msu</installerURL>
          <sha1>D7BC4D9BD5B69A3FA358049C3A537B60F44CD59B</sha1>
        </installerFile>
        <installCommands>
          <msuInstall>
            <msu>%InstallerFile%</msu>
            <commandLineArguments>/quiet /norestart</commandLineArguments>
          </msuInstall>
          <cmdline>
            <exe>%windir%\system32\ocsetup.exe</exe>
            <commandLineArguments>MediaServer</commandLineArguments>
          </cmdline>
          <cmdline>
            <exe>%windir%\system32\net.exe</exe>
            <commandLineArguments>start wmserver</commandLineArguments>
            <returnCodeMappings>
              <mapping>
                <returnCode>2</returnCode>
                <success />
              </mapping>
            </returnCodeMappings>
          </cmdline>
        </installCommands>
        <helpLink>http://forums.iis.net/1155.aspx</helpLink>
      </installer>
      <installer>
        <id>2</id>
        <languageId>en</languageId>
        <architectures>
          <x64 />
        </architectures>
        <osList>
          <os>
            <minimumVersion>
              <osMajorVersion>6</osMajorVersion>
              <osMinorVersion>0</osMinorVersion>
            </minimumVersion>
            <maximumVersion>
              <osMajorVersion>6</osMajorVersion>
              <osMinorVersion>0</osMinorVersion>
            </maximumVersion>
            <osTypes>
              <Server />
            </osTypes>
          </os>
        </osList>
        <eulaURL>http://www.iis.net/downloads/files/EULA/WMS_RTW.html</eulaURL>
        <installerFile>
          <fileSize>17289</fileSize>
          <installerURL>http://download.microsoft.com/download/4/d/f/4df0ece1-d37b-460f-a64e-cb6843e570b1/Windows6.0-KB934518-x64-Server.msu</installerURL>
          <sha1>1C18E126FEB6AAD89E4E62FBB12FA570E5F08D81</sha1>
        </installerFile>
        <installCommands>
          <msuInstall>
            <msu>%InstallerFile%</msu>
            <commandLineArguments>/quiet /norestart</commandLineArguments>
          </msuInstall>
          <cmdline>
            <exe>%windir%\system32\ocsetup.exe</exe>
            <commandLineArguments>MediaServer</commandLineArguments>
          </cmdline>
          <cmdline>
            <exe>%windir%\system32\net.exe</exe>
            <commandLineArguments>start wmserver</commandLineArguments>
            <returnCodeMappings>
              <mapping>
                <returnCode>2</returnCode>
                <success />
              </mapping>
            </returnCodeMappings>
          </cmdline>
        </installCommands>
        <helpLink>http://forums.iis.net/1155.aspx</helpLink>
      </installer>
    </installers>
  </entry>
  <!--Windows Media 2008 R2-->
  <entry>
    <productId>WindowsMediaServicesR2</productId>
    <title resourceName="Entry_WindowsMediaServicesR2_Title">Windows Media Services 2008 R2</title>
    <version>9.6.7600</version>
    <summary resourceName="Entry_WindowsMediaServicesR2_Summary">Windows Media Services 2008 R2 provides live and on-demand Windows Media streaming</summary>
    <id>https://ajax.aspnetcdn.com/ajax/webpi/wms</id>
    <updated>2010-05-03T14:00:00Z</updated>
    <longSummary resourceName="Entry_WindowsMediaServicesR2_LongSummary">Windows Media Services 2008 R2 is a scalable, reliable and affordable streaming media server for delivering live and on-demand Windows Media content over almost any network. It offers industrial-strength reliability, event-proven scalability, and unmatched affordability.  Windows Media Services 2008 R2 supports a Server Core installation, and a Cache/Proxy plug-in is built in. All unicast streaming features are available on Windows Server 2008 R2 Standard and Windows Web Server 2008 R2.  In addition to all unicast features, Windows Server 2008 R2 Enterprise and Windows Server 2008 R2 Datacenter add support for multicast streaming.</longSummary>
    <mediaFamily resourceName="Media">Media</mediaFamily>
    <published>2010-5-04T12:30:00Z</published>
    <link href="http://go.microsoft.com/fwlink/?LinkId=134713" />
    <author>
      <name>Microsoft</name>
      <uri>http://go.microsoft.com/fwlink/?LinkId=134713</uri>
    </author>
    <keywords>
      <keywordId>Server</keywordId>
    </keywords>
    <images>
      <icon>http://www.microsoft.com/web/media/gallery/apps-screenshots/Microsoft-MediaServices2.png</icon>
    </images>
    <discoveryHint>
      <file>
        <filePath>%SystemRoot%\Help\mui\0409\strmsvcs.chm</filePath>
      </file>
    </discoveryHint>
    <incompatibilities>
      <incompatibleProduct>
        <productId>WindowsMediaServices</productId>
      </incompatibleProduct>
    </incompatibilities>
    <installers>
      <installer>
        <id>1</id>
        <languageId>en</languageId>
        <architectures>
          <x64 />
        </architectures>
        <osList>
          <os>
            <minimumVersion>
              <osMajorVersion>6</osMajorVersion>
              <osMinorVersion>1</osMinorVersion>
            </minimumVersion>
            <maximumVersion>
              <osMajorVersion>6</osMajorVersion>
              <osMinorVersion>1</osMinorVersion>
            </maximumVersion>
            <osTypes>
              <Server />
            </osTypes>
          </os>
        </osList>
        <eulaURL>http://www.iis.net/downloads/files/EULA/WMSR2_RTW.html</eulaURL>
        <installerFile>
          <fileSize>28850</fileSize>
          <installerURL>http://download.microsoft.com/download/B/D/5/BD51C799-16BD-4C0B-B0AD-EC42E027C1DE/Windows6.1-KB963697-x64.msu</installerURL>
          <sha1>219191e23b9b0da6868c862282af1a8d28ef7f2a</sha1>
        </installerFile>
        <installCommands>
          <msuInstall>
            <msu>%InstallerFile%</msu>
            <commandLineArguments>/quiet /norestart</commandLineArguments>
          </msuInstall>
          <cmdline>
            <exe>%windir%\system32\ocsetup.exe</exe>
            <commandLineArguments>MediaServer</commandLineArguments>
          </cmdline>
          <cmdline>
            <exe>%windir%\system32\net.exe</exe>
            <commandLineArguments>start wmserver</commandLineArguments>
            <returnCodeMappings>
              <mapping>
                <returnCode>2</returnCode>
                <success />
              </mapping>
            </returnCodeMappings>
          </cmdline>
        </installCommands>
        <helpLink>http://forums.iis.net/1155.aspx</helpLink>
      </installer>
    </installers>
  </entry>
  <!-- ExpressionEncoder4SP2 -->
  <entry>
    <productId>ExpressionEncoder4</productId>
    <title resourceName="Entry_ExpressionEncoder4_Title">Expression Encoder 4 with Service Pack 2</title>
    <version>4.0.4276.0</version>
    <summary resourceName="Entry_ExpressionEncoder4_Summary">With Microsoft® Expression® Encoder, you can import and encode video files, produce live webcasts, enhance media with watermarks and advertising, and publish with Microsoft Silverlight.</summary>
    <id>http://www.microsoft.com/expression/products/Encoder_Overview.aspx</id>
    <longSummary resourceName="Entry_ExpressionEncoder4_LongSummary">Encode a wide array of video file formats using Expression Encoder, including on-demand and live IIS Smooth Streaming.  Stream live from webcams and camcorders, or do screen captures on your PC.  Make simple edits to video files and enhance your media with titles, overlays, pre-roll and post-roll advertising, captions, metadata and more.  Choose encoding settings, choose from a range of player templates and publish rich media experiences with Microsoft Silverlight.</longSummary>
    <updated>2011-11-2T16:30:24Z</updated>
    <published>2011-11-2T16:30:24Z</published>
    <productFamily resourceName="Expression">Expression</productFamily>
    <mediaFamily3 resourceName="Media">Media</mediaFamily3>
    <link href="http://www.microsoft.com/expression/products/EncoderPro_Overview.aspx" />
    <images>
      <icon>http://www.microsoft.com/web/media/gallery/apps-screenshots/expression-encoder4.png</icon>
    </images>
    <author>
      <name>Microsoft</name>
      <uri>http://www.microsoft.com/expression/products/EncoderPro_Overview.aspx</uri>
    </author>
    <keywords>
      <keywordId>ProductTools</keywordId>
    </keywords>
    <discoveryHint>
      <or>
        <discoveryHint>
          <registry>
            <keyPath>HKEY_LOCAL_MACHINE\SOFTWARE\Microsoft\Expression\Encoder\4.0</keyPath>
            <valueName>Version</valueName>
            <valueValue>4.0.4276.0</valueValue>
          </registry>
        </discoveryHint>
        <discoveryHint>
          <registry>
            <keyPath>HKEY_LOCAL_MACHINE\SOFTWARE\Wow6432Node\Microsoft\Expression\Encoder\4.0</keyPath>
            <valueName>Version</valueName>
            <valueValue>4.0.4276.0</valueValue>
          </registry>
        </discoveryHint>
      </or>
    </discoveryHint>
    <dependency>
      <productId>NETFramework4</productId>
    </dependency>
    <installers>
      <installer>
        <id>1</id>
        <languageId>en</languageId>
        <architectures>
          <x86 />
          <x64 />
        </architectures>
        <osList>
          <os>
            <minimumVersion>
              <osMajorVersion>5</osMajorVersion>
              <osMinorVersion>1</osMinorVersion>
              <spMajorVersion>3</spMajorVersion>
            </minimumVersion>
            <osTypes>
              <Server />
              <HomePremium />
              <Ultimate />
              <Enterprise />
              <Business />
            </osTypes>
          </os>
        </osList>
        <eulaURL>https://ajax.aspnetcdn.com/ajax/webpi/eula/Expression_encoder_4_SP2_EULA.htm</eulaURL>
        <installerFile>
          <fileSize>25296</fileSize>
          <installerURL>http://download.microsoft.com/download/4/3/2/4328EFC5-4F3B-47C8-B21D-75CAD2E575C2/Encoder_en.exe</installerURL>
          <sha1>6e52e45ffa1f36811bfb180b0a2c0e83fac4e68c</sha1>
        </installerFile>
        <installCommands>
          <cmdline>
            <exe>%InstallerFile%</exe>
            <commandLineArguments>/x:%temp%\xencoder\ /q</commandLineArguments>
          </cmdline>
          <cmdline>
            <exe>%temp%\xencoder\setup.exe</exe>
            <commandLineArguments>/q</commandLineArguments>
          </cmdline>
        </installCommands>
        <helpLink>http://forums.iis.net/1155.aspx</helpLink>
      </installer>
    </installers>
  </entry>
  <!-- Smooth Streaming Client 2.0 -->
  <entry>
    <productId>SmoothStreamingClient</productId>
    <title resourceName="Entry_SmoothStreamingClient2.0_Title">Smooth Streaming Client 2.0</title>
    <version>2.0</version>
    <summary resourceName="Entry_SmoothStreamingClient2.0_Summary">The Smooth Streaming Client 2.0 enables you to build rich Smooth Streaming players for both on-demand and live Smooth Streaming and Windows Phone 7 applications.</summary>
    <id>http://www.iis.net/smoothstreaming</id>
    <longSummary resourceName="Entry_SmoothStreamingClient2.0_LongSummary">The Smooth Streaming Client 2.0 enables you to build rich Silverlight players for both on-demand and live Smooth Streaming and Windows Phone 7 applications, with full DVR capabilities, live ad insertion, multiple Camera angles, and other rich functionalities. This tool is best used together with Microsoft Silverlight Media Framework to facilitate rapid client development.</longSummary>
    <updated>2012-6-6T16:00:00Z</updated>
    <published>2012-6-6T16:00:00Z</published>
    <mediaFamily4 resourceName="Media">Media</mediaFamily4>
    <link href="http://www.iis.net/download/SmoothPlayer" />
    <images>
      <icon>http://www.microsoft.com/web/media/gallery/apps-screenshots/Microsoft-MediaServices2.png</icon>
    </images>
    <author>
      <name>Microsoft</name>
      <uri>http://www.iis.net/media</uri>
    </author>
    <keywords>
      <keywordId>Server</keywordId>
    </keywords>
    <discoveryHint>
      <or>
        <discoveryHint>
          <registry>
            <keyPath>HKEY_LOCAL_MACHINE\SOFTWARE\Microsoft\Expression\Blend\4.0\Toolbox\Silverlight\v5.0\IISSmoothStreamingClient v2.0</keyPath>
          </registry>
        </discoveryHint>
        <discoveryHint>
          <registry>
            <keyPath>HKEY_LOCAL_MACHINE\SOFTWARE\Wow6432Node\Microsoft\Expression\Blend\4.0\Toolbox\Silverlight\v5.0\IISSmoothStreamingClient v2.0</keyPath>
          </registry>
        </discoveryHint>
      </or>
    </discoveryHint>
    <incompatibilities>
      <incompatibleProduct>
        <productId>Incompatible_SmoothStreamingClient1</productId>
      </incompatibleProduct>
    </incompatibilities>
    <installers>
      <installer>
        <id>1</id>
        <languageId>en</languageId>
        <architectures>
          <x86 />
          <x64 />
        </architectures>
        <osList>
          <os>
            <!-- supported OSes: Windows XP SP3+-->
            <minimumVersion>
              <osMajorVersion>5</osMajorVersion>
              <osMinorVersion>0</osMinorVersion>
              <spMajorVersion>3</spMajorVersion>
            </minimumVersion>
            <osTypes>
              <Server />
              <HomePremium />
              <Ultimate />
              <Enterprise />
              <Business />
            </osTypes>
          </os>
        </osList>
        <eulaURL>https://ajax.aspnetcdn.com/ajax/webpi/eula/smooth_streaming_client_sdk_2.0_for_Silverlight_rtw_EULA.htm</eulaURL>
        <installerFile>
          <fileSize>912</fileSize>
          <installerURL>http://download.microsoft.com/download/8/E/D/8EDAE066-6AAA-47D8-B2F6-602BDA1E6F14/MicrosoftSmoothStreamingClient2.0.msi</installerURL>
          <sha1>e4afa576e592a42027b99063ea0f1977bf9698d2</sha1>
        </installerFile>
        <installCommands>
          <msiInstall>
            <msi>%InstallerFile%</msi>
          </msiInstall>
        </installCommands>
        <helpLink>http://forums.iis.net/1155.aspx</helpLink>
      </installer>
    </installers>
  </entry>
  <!-- Previous Smooth Streaming Client releases detection logic -->
  <entry>
    <productId>Incompatible_SmoothStreamingClient1</productId>
    <title resourceName="Entry_Incompatible_SmoothStreamingClient_Title">previous releases of Smooth Streaming Client</title>
    <id>http://www.iis.net/smoothstreaming</id>
    <longSummary resourceName="Entry_Incompatible_SmoothStreamingClient_LongSummary">Incompatable Releases of Smooth Streaming Client</longSummary>
    <link href="http://www.iis.net/download/SmoothPlayer" />
    <author>
      <name>Microsoft</name>
      <uri>http://www.iis.net/media</uri>
    </author>
    <discoveryHint>
      <or>
        <!--Smooth Streaming Client 1.0 and 1.1 and 1.5 and 1.5 update 1 and 1.5 update 2 -->
        <discoveryHint>
          <registry>
            <keyPath>HKEY_LOCAL_MACHINE\SOFTWARE\Microsoft\Microsoft SDKs\Silverlight\v4.0\AssemblyFoldersEx\IISSmoothStreamingClient</keyPath>
          </registry>
        </discoveryHint>
        <discoveryHint>
          <registry>
            <keyPath>HKEY_LOCAL_MACHINE\SOFTWARE\Wow6432Node\Microsoft\Microsoft SDKs\Silverlight\v4.0\AssemblyFoldersEx\IISSmoothStreamingClient</keyPath>
          </registry>
        </discoveryHint>
        <discoveryHint>
          <registry>
            <keyPath>HKEY_LOCAL_MACHINE\SOFTWARE\Microsoft\Expression\Blend\4.0\Toolbox\Silverlight\v4.0\IISSmoothStreamingClient v1.5</keyPath>
          </registry>
        </discoveryHint>
        <discoveryHint>
          <registry>
            <keyPath>HKEY_LOCAL_MACHINE\SOFTWARE\Wow6432Node\Microsoft\Expression\Blend\4.0\Toolbox\Silverlight\v4.0\IISSmoothStreamingClient v1.5</keyPath>
          </registry>
        </discoveryHint>
        <discoveryHint>
          <registry>
            <keyPath>HKEY_LOCAL_MACHINE\SOFTWARE\Microsoft\Expression\Blend\4.0\Toolbox\Silverlight\v4.0\IISSmoothStreamingClient v1.5 Update 1</keyPath>
          </registry>
        </discoveryHint>
        <discoveryHint>
          <registry>
            <keyPath>HKEY_LOCAL_MACHINE\SOFTWARE\Wow6432Node\Microsoft\Expression\Blend\4.0\Toolbox\Silverlight\v4.0\IISSmoothStreamingClient v1.5 Update 1</keyPath>
          </registry>
        </discoveryHint>
        <discoveryHint>
          <registry>
            <keyPath>HKEY_LOCAL_MACHINE\SOFTWARE\Microsoft\Expression\Blend\4.0\Toolbox\Silverlight\v4.0\IISSmoothStreamingClient v1.5 Update 2</keyPath>
          </registry>
        </discoveryHint>
        <discoveryHint>
          <registry>
            <keyPath>HKEY_LOCAL_MACHINE\SOFTWARE\Wow6432Node\Microsoft\Expression\Blend\4.0\Toolbox\Silverlight\v4.0\IISSmoothStreamingClient v1.5 Update 2</keyPath>
          </registry>
        </discoveryHint>
      </or>
    </discoveryHint>
  </entry>
</feed>