﻿<?xml version="1.0" encoding="utf-8"?>
<feed xmlns="http://www.w3.org/2005/Atom">
  <webpiFile version="4.0.0.0" />
  <title>Tools Platform Installer 5.0 Feed</title>
  <link href="https://webpifeed.blob.core.windows.net/webpifeed/ToolsProductList.xml" />
  <updated>2014-3-28T14:00:00Z</updated>
  <author>
    <name>Microsoft</name>
    <uri>http://www.microsoft.com/</uri>
  </author>
  <id>https://webpifeed.blob.core.windows.net/webpifeed/ToolsProductList.xml</id>
  <!-- Resources -->
  <resourcesList>
    <resources>
      <culture>en</culture>
      <!-- included in file -->
    </resources>
    <resources>
      <culture>de</culture>
      <url>https://webpifeed.blob.core.windows.net/webpifeed/resources/ToolsProductList_de.xml</url>
    </resources>
    <resources>
      <culture>es</culture>
      <url>https://webpifeed.blob.core.windows.net/webpifeed/resources/ToolsProductList_es.xml</url>
    </resources>
    <resources>
      <culture>fr</culture>
      <url>https://webpifeed.blob.core.windows.net/webpifeed/resources/ToolsProductList_fr.xml</url>
    </resources>
    <resources>
      <culture>it</culture>
      <url>https://webpifeed.blob.core.windows.net/webpifeed/resources/ToolsProductList_it.xml</url>
    </resources>
    <resources>
      <culture>ja</culture>
      <url>https://webpifeed.blob.core.windows.net/webpifeed/resources/ToolsProductList_ja.xml</url>
    </resources>
    <resources>
      <culture>ko</culture>
      <url>https://webpifeed.blob.core.windows.net/webpifeed/resources/ToolsProductList_ko.xml</url>
    </resources>
    <resources>
      <culture>ru</culture>
      <url>https://webpifeed.blob.core.windows.net/webpifeed/resources/ToolsProductList_ru.xml</url>
    </resources>
    <resources>
      <culture>zh-cn</culture>
      <url>https://webpifeed.blob.core.windows.net/webpifeed/resources/ToolsProductList_zh-cn.xml</url>
    </resources>
    <resources>
      <culture>zh-tw</culture>
      <url>https://webpifeed.blob.core.windows.net/webpifeed/resources/ToolsProductList_zh-tw.xml</url>
    </resources>
    <resources>
      <culture>zh-hk</culture>
      <url>https://webpifeed.blob.core.windows.net/webpifeed/resources/ToolsProductList_zh-tw.xml</url>
    </resources>
    <resources>
      <culture>tr</culture>
      <url>https://webpifeed.blob.core.windows.net/webpifeed/resources/ToolsProductList_tr.xml</url>
    </resources>
    <resources>
      <culture>pl</culture>
      <url>https://webpifeed.blob.core.windows.net/webpifeed/resources/ToolsProductList_pl.xml</url>
    </resources>
    <resources>
      <culture>pt-br</culture>
      <url>https://webpifeed.blob.core.windows.net/webpifeed/resources/ToolsProductList_pt-br.xml</url>
    </resources>
    <resources>
      <culture>cs</culture>
      <url>https://webpifeed.blob.core.windows.net/webpifeed/resources/ToolsProductList_cs.xml</url>
    </resources>
  </resourcesList>
  <!--Language Codes-->
  <languages>
    <language default="true">
      <languageId>en</languageId>
      <name resourceName="Lang_en_Name">English</name>
    </language>
  </languages>
  <entry>
    <productId>HDP</productId>
    <title resourceName="Entry_HDP_Title">Hortonworks Data Platform for Windows</title>
    <version>2.1</version>
    <summary resourceName="Entry_HDP_Summary">Includes Apache Hadoop, Hive, Pig, Sqoop, Oozie, HCatalog, and Templeton.</summary>
    <id>https://ajax.aspnetcdn.com/ajax/webpi/HDP</id>
    <updated>2014-08-29T12:00:00Z</updated>
    <published>2014-08-29T12:00:00Z</published>
    <link href="http://hortonworks.com/partners/microsoft/" />
    <images>
      <icon>http://www.microsoft.com/web/media/gallery/apps-screenshots/IIS_WebPlatformInstaller_GenericWizardArt.png</icon>
    </images>
    <author>
      <name>Hortonworks</name>
      <uri>http://www.hortonworks.com/</uri>
    </author>
    <searchExclude />
    <discoveryHint>
      <registry>
        <keyPath>HKEY_LOCAL_MACHINE\SOFTWARE\Classes\Installer\Products\CFB337F5ACACF1146ACDA53ADE16F1C1</keyPath>
      </registry>
    </discoveryHint>
    <dependency>
      <and>
        <dependency>
          <productId>VC10Redist_x64</productId>
        </dependency>
        <dependency>
          <productId>NETFramework4</productId>
        </dependency>
        <dependency>
          <productId>Python27</productId>
        </dependency>
        <dependency>
          <productId>setx</productId>
        </dependency>
        <dependency>
          <productId>OpenJDK_Zulu_1.7.0_win64</productId>
        </dependency>
      </and>
    </dependency>
    <installers>
      <installer>
        <id>1</id>
        <languageId>en</languageId>
        <architectures>
          <x64 />
        </architectures>
        <osList>
          <!-- Windows 7 SP1 or Windows Server 2008 R2 SP1 or higher -->
          <os>
            <minimumVersion>
              <osMajorVersion>6</osMajorVersion>
              <osMinorVersion>1</osMinorVersion>
              <spMajorVersion>1</spMajorVersion>
            </minimumVersion>
            <maximumVersion>
              <osMajorVersion>6</osMajorVersion>
              <osMinorVersion>1</osMinorVersion>
            </maximumVersion>
          </os>
          <!-- Windows 8 or Windows Server 2012 or higher -->
          <os>
            <minimumVersion>
              <osMajorVersion>6</osMajorVersion>
              <osMinorVersion>2</osMinorVersion>
              <spMajorVersion>0</spMajorVersion>
            </minimumVersion>
          </os>
        </osList>
        <eulaURL>http://go.microsoft.com/fwlink/?LinkId=269732</eulaURL>
        <installerFile>
          <fileSize>1230984</fileSize>
          <installerURL>http://go.microsoft.com/fwlink/?LinkId=269734</installerURL>
        </installerFile>
        <installCommands>
          <cmdline>
            <exe>%windir%\system32\setx.exe</exe>
            <commandLineArguments>Path "%systemdrive%\Python27;%PATH%;" -M</commandLineArguments>
          </cmdline>
          <msiInstall>
            <msi>%InstallerFile%</msi>
            <properties>WEBPI=1 IS_TEZ=no ONEBOX=yes</properties>
          </msiInstall>
        </installCommands>
        <helpLink>http://hortonworks.com/partners/microsoft/</helpLink>
      </installer>
    </installers>
  </entry>
  <entry>
    <productId>HDINSIGHT</productId>
    <title resourceName="Entry_HDINSIGHT_Title">Microsoft HDInsight Emulator for Windows Azure</title>
    <version>2.0.0.0</version>
    <summary resourceName="Entry_HDINSIGHT_Summary">Microsoft HDInsight Emulator for Windows Azure provides a development environment for Windows Azure HDInsight Service and is powered by the Hortonworks Data Platform (including Apache Hadoop, Hive, Pig, Sqoop, Oozie, HCatalog, and Templeton).</summary>
    <id>https://ajax.aspnetcdn.com/ajax/webpi/HDINSIGHT</id>
    <updated>2014-08-29T12:00:00Z</updated>
    <longSummary resourceName="Entry_HDINSIGHT_LongSummary">HDInsight is Microsoft's Big Data Solution, powered by Apache Hadoop and built on the Hortonworks Data Platform for Windows (HDP).  It combines the simplicity of Windows with the power and reliability of the HDP to deliver big data insights from Apache Hadoop. The emulator targets developer scenarios and as such only support single-node deployments.</longSummary>
    <published>2014-08-29T12:00:00Z</published>
    <images>
      <icon>http://www.microsoft.com/web/media/gallery/apps-screenshots/IIS_WebPlatformInstaller_GenericWizardArt.png</icon>
    </images>
    <author>
      <name>Microsoft</name>
      <uri>http://www.microsoft.com/</uri>
    </author>
    <keywords>
      <keywordId>Server</keywordId>
    </keywords>
    <discoveryHint>
      <registry>
        <keyPath>HKEY_LOCAL_MACHINE\SOFTWARE\Classes\Installer\Products\7C4AE974BABAAC645AAB1323F2B6C6E8</keyPath>
      </registry>
    </discoveryHint>
    <dependency>
      <productId>HDP</productId>
    </dependency>
    <installers>
      <installer>
        <id>1</id>
        <languageId>en</languageId>
        <architectures>
          <x64 />
        </architectures>
        <osList>
          <!-- Windows 7 SP1 or Windows Server 2008 R2 SP1 or higher -->
          <os>
            <minimumVersion>
              <osMajorVersion>6</osMajorVersion>
              <osMinorVersion>1</osMinorVersion>
              <spMajorVersion>1</spMajorVersion>
            </minimumVersion>
            <maximumVersion>
              <osMajorVersion>6</osMajorVersion>
              <osMinorVersion>1</osMinorVersion>
            </maximumVersion>
          </os>
          <!-- Windows 8 or Windows Server 2012 or higher -->
          <os>
            <minimumVersion>
              <osMajorVersion>6</osMajorVersion>
              <osMinorVersion>2</osMinorVersion>
              <spMajorVersion>0</spMajorVersion>
            </minimumVersion>
          </os>
        </osList>
        <eulaURL>http://go.microsoft.com/fwlink/?LinkId=269733</eulaURL>
        <installerFile>
          <fileSize>8069</fileSize>
          <installerURL>http://go.microsoft.com/fwlink/?LinkId=269735</installerURL>
        </installerFile>
        <installCommands>
          <msiInstall>
            <msi>%InstallerFile%</msi>
            <properties>WEBPI=1</properties>
          </msiInstall>
        </installCommands>
        <helpLink>http://go.microsoft.com/fwlink/?LinkId=269731</helpLink>
      </installer>
    </installers>
  </entry>
  <entry>
    <!-- This entry is just a placeholder to not break existing links that have been published while the product was in preview, it just wraps HDINSIGHT -->
    <productId>HDINSIGHT-PREVIEW</productId>
    <title resourceName="Entry_HDINSIGHT-PREVIEW_Title">Microsoft HDInsight Emulator for Windows Azure (Preview)</title>
    <version>PREVIEW</version>
    <summary resourceName="Entry_HDINSIGHT-PREVIEW_Summary">Microsoft HDInsight Emulator for Windows Azure provides a development environment for Windows Azure HDInsight Service and is powered by the Hortonworks Data Platform (including Apache Hadoop, Hive, Pig, Sqoop, Oozie, HCatalog, and Templeton).</summary>
    <id>https://ajax.aspnetcdn.com/ajax/webpi/HDINSIGHT-PREVIEW</id>
    <updated>2013-10-28T12:00:00Z</updated>
    <longSummary resourceName="Entry_HDINSIGHT-PREVIEW_LongSummary">This product refers to a preview version of the Microsoft HDInsight Emulator for Windows Azure, formerly known as HDInsight Developer Preview. This product has now been officially released and is no longer in preview.You will be automatically redirected to the latest version during this installation, but please note that in the future any links that refer directly to this preview version may be disabled. The current release of the emulator will continue to be available by searching for Microsoft HDInsight Emulator for Windows Azure in the Web Platform Installer, or at the More Information link below.</longSummary>
    <link href="http://go.microsoft.com/fwlink/?LinkID=328216" />
    <published>2013-10-28T12:00:00Z</published>
    <images>
      <icon>http://www.microsoft.com/web/media/gallery/apps-screenshots/IIS_WebPlatformInstaller_GenericWizardArt.png</icon>
    </images>
    <author>
      <name>Microsoft</name>
      <uri>http://www.microsoft.com/</uri>
    </author>
    <searchExclude />
    <discoveryHint>
      <!-- If HDINSIGHT is installed, we want to show this product as installed too, since it is just a redirect to HDINSIGHT -->
      <registry>
        <keyPath>HKEY_LOCAL_MACHINE\SOFTWARE\Classes\Installer\Products\7C4AE974BABAAC645AAB1323F2B6C6E8</keyPath>
      </registry>
    </discoveryHint>
    <dependency>
      <productId>HDINSIGHT</productId>
    </dependency>
    <installers>
      <installer>
        <id>1</id>
        <languageId>en</languageId>
        <architectures>
          <x64 />
        </architectures>
        <osList>
          <!-- Windows 7 SP1 or Windows Server 2008 R2 SP1 or higher -->
          <os>
            <minimumVersion>
              <osMajorVersion>6</osMajorVersion>
              <osMinorVersion>1</osMinorVersion>
              <spMajorVersion>1</spMajorVersion>
            </minimumVersion>
            <maximumVersion>
              <osMajorVersion>6</osMajorVersion>
              <osMinorVersion>1</osMinorVersion>
            </maximumVersion>
          </os>
          <!-- Windows 8 or Windows Server 2012 or higher -->
          <os>
            <minimumVersion>
              <osMajorVersion>6</osMajorVersion>
              <osMinorVersion>2</osMinorVersion>
              <spMajorVersion>0</spMajorVersion>
            </minimumVersion>
          </os>
        </osList>
        <installCommands>
          <!-- This entry is just a placeholder to not break existing links that have been published while the product was in preview, so there is nothing more to install -->
          <cmdline>
            <exe>%windir%\system32\cmd.exe</exe>
            <commandLineArguments>/C echo noop</commandLineArguments>
          </cmdline>
        </installCommands>
      </installer>
    </installers>
  </entry>
  <!-- ##VS 2013############################################################## -->
  <entry>
    <productId>NonVS2013RTM</productId>
    <metadata>
      <title resourceName="Entry_NonVS2013RTM_Title">Non Visual Studio 2013 RTM</title>
      <version>2.0.20617.0</version>
      <longSummary resourceName="Entry_NonVS2013RTM_Summary">Non Visual Studio 2013 RTM before proceeding.</longSummary>
      <id>https://ajax.aspnetcdn.com/ajax/wai/NonVS2013RTM</id>
      <author>
        <name>Microsoft</name>
        <uri>http://www.microsoft.com/</uri>
      </author>
      <external />
      <link href="http://www.microsoft.com/express/" />
    </metadata>
    <discoveryHint>
      <not>
        <discoveryHint>
          <or>
            <discoveryHint>
              <and>
                <discoveryHint>
                  <registry>
                    <keyPath>HKEY_LOCAL_MACHINE\SOFTWARE\Wow6432Node\Microsoft\DevDiv\vs\Servicing\12.0\devenv</keyPath>
                    <valueName>Install</valueName>
                    <valueValue>1</valueValue>
                  </registry>
                </discoveryHint>
                <discoveryHint>
                  <registry>
                    <keyPath>HKEY_LOCAL_MACHINE\SOFTWARE\Wow6432Node\Microsoft\DevDiv\vs\Servicing\12.0\devenv</keyPath>
                    <valueName>Version</valueName>
                    <minimumVersion>12.0.20617</minimumVersion>
                  </registry>
                </discoveryHint>
              </and>
            </discoveryHint>
            <discoveryHint>
              <and>
                <discoveryHint>
                  <registry>
                    <keyPath>HKEY_LOCAL_MACHINE\SOFTWARE\Microsoft\DevDiv\vs\Servicing\12.0\devenv</keyPath>
                    <valueName>Install</valueName>
                    <valueValue>1</valueValue>
                  </registry>
                </discoveryHint>
                <discoveryHint>
                  <registry>
                    <keyPath>HKEY_LOCAL_MACHINE\SOFTWARE\Microsoft\DevDiv\vs\Servicing\12.0\devenv</keyPath>
                    <valueName>Version</valueName>
                    <minimumVersion>12.0.20530</minimumVersion>
                  </registry>
                </discoveryHint>
              </and>
            </discoveryHint>
          </or>
        </discoveryHint>
      </not>
    </discoveryHint>
  </entry>
  <!-- ##PTVS 2.0############################################################## -->
  <!-- Sole remaining PTVS entry in ToolsProductList, due to the dependency on VS2010SI. -->
  <entry>
    <productId>PythonTools20ForVS2010</productId>
    <title resourceName="Entry_PythonTools20ForVS2010_Title">Python Tools 2.0 for Visual Studio 2010</title>
    <version>2.0</version>
    <published>2013-10-16T12:00:00Z</published>
    <updated>2013-10-16T12:00:00Z</updated>
    <summary resourceName="Entry_PythonTools20ForVS2010_Summary">Adds support for Python to Visual Studio 2010.</summary>
    <longSummary resourceName="Entry_PythonTools20ForVS2010_LongSummary">
      Adds support for the Python programming language to Professional, Ultimate, and the "integrated shell" versions of Visual Studio 2010.
    </longSummary>
    <productFamily resourceName="Python">Python</productFamily>
    <link href="http://go.microsoft.com/fwlink/?LinkId=252036" />
    <searchExclude />
    <author>
      <name>Microsoft's Python Tools Team</name>
      <uri>http://go.microsoft.com/fwlink/?LinkId=252036</uri>
    </author>
    <images>
      <icon>http://go.microsoft.com/fwlink/?LinkId=252041</icon>
    </images>
    <keywords>
      <keywordId>ProductTools</keywordId>
    </keywords>
    <discoveryHint>
      <or>
        <discoveryHint>
          <registry>
            <keyPath>HKEY_LOCAL_MACHINE\SOFTWARE\Microsoft\Windows\CurrentVersion\Uninstall\{CF57350E-5904-453D-99CC-041D29C8F859}</keyPath>
            <valueName>DisplayVersion</valueName>
            <valueValue>2.0.11016.00</valueValue>
          </registry>
        </discoveryHint>
        <discoveryHint>
          <registry>
            <keyPath>HKEY_LOCAL_MACHINE\SOFTWARE\Wow6432Node\Microsoft\Windows\CurrentVersion\Uninstall\{CF57350E-5904-453D-99CC-041D29C8F859}</keyPath>
            <valueName>DisplayVersion</valueName>
            <valueValue>2.0.11016.00</valueValue>
          </registry>
        </discoveryHint>
      </or>
    </discoveryHint>
    <dependency>
      <or>
        <!-- If either the VS2010 integrated shell or VS2010 SP1 prereqs are installed, we're good to
        go -->
        <dependency>
          <productId>VS2010SI</productId>
        </dependency>
        <dependency>
          <productId>VS2010SP1Prerequisite</productId>
        </dependency>
      </or>
    </dependency>
    <installers>
      <installer>
        <id>1</id>
        <languageId>en</languageId>
        <eulaURL>http://go.microsoft.com/fwlink/?LinkId=252037</eulaURL>
        <installerFile>
          <fileSize>4572</fileSize>
          <trackingURL>http://www.microsoft.com/web/handlers/webpi.ashx?command=incrementproddownloadcount&amp;prodid=PythonTools20ForVS2010</trackingURL>
          <installerURL>http://go.microsoft.com/fwlink/?LinkId=306319</installerURL>
        </installerFile>
        <installCommands>
          <msiInstall>
            <msi>%InstallerFile%</msi>
          </msiInstall>
        </installCommands>
        <helpLink>http://go.microsoft.com/fwlink/?LinkId=252038</helpLink>
      </installer>
    </installers>
  </entry>
  <!-- ##Visual Studio 2010 Integrated Shell ############################## -->
  <entry>
    <productId>VS2010SI</productId>
    <title resourceName="Entry_VS2010SI_Title">Visual Studio 2010 Shell (Integrated)</title>
    <version>2010</version>
    <summary resourceName="Entry_VS2010SI_Summary">The Visual Studio 2010 Shell (Integrated) Redistributable Package contains the runtime binaries that are required to deploy an application that is based on the Visual Studio 2010 Shell (Integrated).</summary>
    <updated>2010-4-12T12:00:00Z</updated>
    <longSummary resourceName="Entry_VS2010SI_LongSummary">The Visual Studio Shell (integrated mode) provides the foundation on which you can seamlessly integrate tools and programming languages within Visual Studio. The Visual Studio Shell (integrated mode) does not contain any programming language, so it provides the perfect foundation to deploy a development environment for your own language. The Visual Studio Shell (integrated mode) seamlessly integrates with Visual Studio 2010 Professional and above. Any tools and programming languages that run inside the Visual Studio Shell (integrated mode) will run together with Visual Studio 2010 if they are also installed on the same machine. By using the Visual Studio Shell (integrated mode), you will not need to make Visual Studio a pre-requisite on your user machines.</longSummary>
    <published>2010-4-12T12:00:00Z</published>
    <link href="http://www.microsoft.com/visualstudio/en-us/products/2010-editions" />
    <images>
      <icon>http://www.microsoft.com/web/media/icons/vs-logo-sm.png</icon>
    </images>
    <author>
      <name>Microsoft</name>
      <uri>http://www.microsoft.com/</uri>
    </author>
    <keywords>
      <keywordId>ProductTools</keywordId>
    </keywords>
    <discoveryHint>
      <or>
        <discoveryHint>
          <registry>
            <keyPath>HKEY_LOCAL_MACHINE\SOFTWARE\Microsoft\VisualStudio\10.0\Setup\IntShell</keyPath>
          </registry>
        </discoveryHint>
        <discoveryHint>
          <registry>
            <keyPath>HKEY_LOCAL_MACHINE\SOFTWARE\Wow6432Node\Microsoft\VisualStudio\10.0\Setup\IntShell</keyPath>
          </registry>
        </discoveryHint>
      </or>
    </discoveryHint>
    <incompatibilities>
      <incompatibleProduct>
        <productId>VS2010Beta1</productId>
        <errorMessage resourceName="Entry_VS2010SI_IncompatibleProduct_VS2010Beta1">You must uninstall Beta 1 of Visual Studio 2010 before you can install Visual Studio 2010 Shell (Integrated).</errorMessage>
      </incompatibleProduct>
      <incompatibleProduct>
        <productId>VS2010Beta2</productId>
        <errorMessage resourceName="Entry_VS2010SI_IncompatibleProduct_VS2010Beta2">You must uninstall Beta 2 of Visual Studio 2010 before you can install Visual Studio 2010 Shell (Integrated).</errorMessage>
      </incompatibleProduct>
      <incompatibleProduct>
        <productId>VS2010Beta2Express</productId>
        <errorMessage resourceName="Entry_VS2010SI_IncompatibleProduct_VS2010Beta2Express">You must uninstall Beta 2 of Visual Web Developer 2010 Express before you can install Visual Studio 2010 Shell (Integrated).</errorMessage>
      </incompatibleProduct>
      <incompatibleProduct>
        <productId>VB2010Beta2Express</productId>
        <errorMessage resourceName="Entry_VS2010SI_IncompatibleProduct_VB2010Beta2Express">You must uninstall Beta 2 of Visual Basic 2010 Express before you can install Visual Studio 2010 Shell (Integrated).</errorMessage>
      </incompatibleProduct>
      <incompatibleProduct>
        <productId>VCS2010Beta2Express</productId>
        <errorMessage resourceName="Entry_VS2010SI_IncompatibleProduct_VCS2010Beta2Express">You must uninstall Beta 2 of Visual C# 2010 Express before you can install Visual Studio 2010 Shell (Integrated).</errorMessage>
      </incompatibleProduct>
      <incompatibleProduct>
        <productId>VC2010Beta2Express</productId>
        <errorMessage resourceName="Entry_VS2010SI_IncompatibleProduct_VC2010Beta2Express">You must uninstall Beta 2 of Visual C++ 2010 Express before you can install Visual Studio 2010 Shell (Integrated).</errorMessage>
      </incompatibleProduct>
      <incompatibleProduct>
        <productId>VS2010RC</productId>
        <errorMessage resourceName="Entry_VS2010SI_IncompatibleProduct_VS2010RC">You must uninstall Visual Studio 2010 RC before you can install Visual Studio 2010 Shell (Integrated).</errorMessage>
      </incompatibleProduct>
    </incompatibilities>
    <terms>
      <termsText resourceName="Entry_VS2010SI_TermsText">-Visual Studio will receive and display online RSS content. For further information refer to the Readme link.</termsText>
      <termsLink>http://go.microsoft.com/fwlink/?LinkID=133421</termsLink>
      <termsLinkText resourceName="Entry_VS2010SI_TermsLinkText">Readme</termsLinkText>
    </terms>
    <installers>
      <!-- English -->
      <installer>
        <id>1</id>
        <languageId>en</languageId>
        <osList idref="OSList_VS2010_Shell" />
        <eulaURL>https://ajax.aspnetcdn.com/ajax/webpi/eula/vsintegratedshell.rtf</eulaURL>
        <showsUI>True</showsUI>
        <installerFile>
          <fileSize>173811</fileSize>
          <installerURL>http://download.microsoft.com/download/D/7/0/D70CD265-3E18-41B0-AFC6-075AFA2DA631/VSIntShell.exe</installerURL>
          <sha1>6d70a65c138fd3326c393e0b60aeb86c072bb80b</sha1>
        </installerFile>
        <installCommands>
          <cmdline>
            <exe>%InstallerFile%</exe>
            <commandLineArguments>/x:%temp%\vs2010si\ /q</commandLineArguments>
          </cmdline>
          <cmdline>
            <exe>%temp%\vs2010si\setup.exe</exe>
            <commandLineArguments>/q /norestart /full</commandLineArguments>
            <returnCodeMappings>
              <mapping>
                <returnCode>5100</returnCode>
                <failure>
                  <detailedInformation resourceName="Entry_VS2010SI_Installer_En_Mapping_5100">The installation failed due to system requirement is not met or insufficient disk space.</detailedInformation>
                </failure>
              </mapping>
              <mapping>
                <returnCode>3010</returnCode>
                <successRebootRequired>
                  <detailedInformation resourceName="Entry_VS2010SI_Installer_En_Mapping_3010">The installation was successful and the computer needs to be restarted.</detailedInformation>
                </successRebootRequired>
              </mapping>
              <mapping>
                <returnCode>3015</returnCode>
                <failureRebootRequired>
                  <detailedInformation resourceName="Entry_VS2010SI_Installer_En_Mapping_3015">The installation was unsuccessful. The computer needs to be restarted in order to install.</detailedInformation>
                </failureRebootRequired>
              </mapping>
              <mapping>
                <returnCode>1615</returnCode>
                <failureRebootRequired>
                  <detailedInformation resourceName="Entry_VS2010SI_Installer_En_Mapping_1615">The computer needs to be restarted in order to continue installation.</detailedInformation>
                </failureRebootRequired>
              </mapping>
            </returnCodeMappings>
          </cmdline>
        </installCommands>
        <helpLink>http://www.microsoft.com/download/en/details.aspx?displaylang=en&amp;id=115</helpLink>
      </installer>
      <!-- Chinese Traditional -->
      <installer>
        <id>10</id>
        <languageId>zh-tw</languageId>
        <osList idref="OSList_VS2010_Shell" />
        <eulaURL>https://ajax.aspnetcdn.com/ajax/webpi/eula/vsintegratedshell.rtf</eulaURL>
        <showsUI>True</showsUI>
        <installerFile>
          <fileSize>173811</fileSize>
          <installerURL>http://download.microsoft.com/download/5/1/A/51A0904D-1D73-4A60-89E6-9B1764627540/VSIntShell.exe</installerURL>
          <sha1>24dba1c8baf0ff205ec6feabfd3bbb5eb53794d3</sha1>
        </installerFile>
        <installCommands>
          <cmdline>
            <exe>%InstallerFile%</exe>
            <commandLineArguments>/x:%temp%\vs2010si\ /q</commandLineArguments>
          </cmdline>
          <cmdline>
            <exe>%temp%\vs2010si\setup.exe</exe>
            <commandLineArguments>/q /norestart /full</commandLineArguments>
            <returnCodeMappings>
              <mapping>
                <returnCode>5100</returnCode>
                <failure>
                  <detailedInformation resourceName="Entry_VS2010SI_Installer_ZhTw_Mapping_5100">The installation failed due to system requirement is not met or insufficient disk space.</detailedInformation>
                </failure>
              </mapping>
              <mapping>
                <returnCode>3010</returnCode>
                <successRebootRequired>
                  <detailedInformation resourceName="Entry_VS2010SI_Installer_ZhTw_Mapping_3010">The installation was successful and the computer needs to be restarted.</detailedInformation>
                </successRebootRequired>
              </mapping>
              <mapping>
                <returnCode>3015</returnCode>
                <failureRebootRequired>
                  <detailedInformation resourceName="Entry_VS2010SI_Installer_ZhTw_Mapping_3015">The installation was unsuccessful. The computer needs to be restarted in order to install.</detailedInformation>
                </failureRebootRequired>
              </mapping>
              <mapping>
                <returnCode>1615</returnCode>
                <failureRebootRequired>
                  <detailedInformation resourceName="Entry_VS2010SI_Installer_ZhTw_Mapping_1615">The computer needs to be restarted in order to continue installation.</detailedInformation>
                </failureRebootRequired>
              </mapping>
            </returnCodeMappings>
          </cmdline>
        </installCommands>
        <helpLink>http://www.microsoft.com/downloads/zh-tw/details.aspx?familyid=8e5aa7b6-8436-43f0-b778-00c3bca733d3</helpLink>
      </installer>
      <!-- Chinese Simplified -->
      <installer>
        <id>9</id>
        <languageId>zh-cn</languageId>
        <osList idref="OSList_VS2010_Shell" />
        <eulaURL>https://ajax.aspnetcdn.com/ajax/webpi/eula/vsintegratedshell.rtf</eulaURL>
        <showsUI>True</showsUI>
        <installerFile>
          <fileSize>173811</fileSize>
          <installerURL>http://download.microsoft.com/download/D/D/3/DD3BC072-755D-4E99-8D76-E19F0073FBEC/VSIntShell.exe</installerURL>
          <sha1>00139e88447a034afca6773261f63647d16be114</sha1>
        </installerFile>
        <installCommands>
          <cmdline>
            <exe>%InstallerFile%</exe>
            <commandLineArguments>/x:%temp%\vs2010si\ /q</commandLineArguments>
          </cmdline>
          <cmdline>
            <exe>%temp%\vs2010si\setup.exe</exe>
            <commandLineArguments>/q /norestart /full</commandLineArguments>
            <returnCodeMappings>
              <mapping>
                <returnCode>5100</returnCode>
                <failure>
                  <detailedInformation resourceName="Entry_VS2010SI_Installer_ZhCn_Mapping_5100">The installation failed due to system requirement is not met or insufficient disk space.</detailedInformation>
                </failure>
              </mapping>
              <mapping>
                <returnCode>3010</returnCode>
                <successRebootRequired>
                  <detailedInformation resourceName="Entry_VS2010SI_Installer_ZhCn_Mapping_3010">The installation was successful and the computer needs to be restarted.</detailedInformation>
                </successRebootRequired>
              </mapping>
              <mapping>
                <returnCode>3015</returnCode>
                <failureRebootRequired>
                  <detailedInformation resourceName="Entry_VS2010SI_Installer_ZhCn_Mapping_3015">The installation was unsuccessful. The computer needs to be restarted in order to install.</detailedInformation>
                </failureRebootRequired>
              </mapping>
              <mapping>
                <returnCode>1615</returnCode>
                <failureRebootRequired>
                  <detailedInformation resourceName="Entry_VS2010SI_Installer_ZhCn_Mapping_1615">The computer needs to be restarted in order to continue installation.</detailedInformation>
                </failureRebootRequired>
              </mapping>
            </returnCodeMappings>
          </cmdline>
        </installCommands>
        <helpLink>http://www.microsoft.com/downloads/zh-cn/details.aspx?familyid=8e5aa7b6-8436-43f0-b778-00c3bca733d3</helpLink>
      </installer>
      <!-- Spanish -->
      <installer>
        <id>8</id>
        <languageId>es</languageId>
        <osList idref="OSList_VS2010_Shell" />
        <eulaURL>https://ajax.aspnetcdn.com/ajax/webpi/eula/vsintegratedshell.rtf</eulaURL>
        <showsUI>True</showsUI>
        <installerFile>
          <fileSize>173811</fileSize>
          <installerURL>http://download.microsoft.com/download/B/1/4/B1404B77-7FDF-41FF-89A9-511AF795570B/VSIntShell.exe</installerURL>
          <sha1>fbbe33d4e1d14f0fabc7f764303407a0c27a61f6</sha1>
        </installerFile>
        <installCommands>
          <cmdline>
            <exe>%InstallerFile%</exe>
            <commandLineArguments>/x:%temp%\vs2010si\ /q</commandLineArguments>
          </cmdline>
          <cmdline>
            <exe>%temp%\vs2010si\setup.exe</exe>
            <commandLineArguments>/q /norestart /full</commandLineArguments>
            <returnCodeMappings>
              <mapping>
                <returnCode>5100</returnCode>
                <failure>
                  <detailedInformation resourceName="Entry_VS2010SI_Installer_Es_Mapping_5100">The installation failed due to system requirement is not met or insufficient disk space.</detailedInformation>
                </failure>
              </mapping>
              <mapping>
                <returnCode>3010</returnCode>
                <successRebootRequired>
                  <detailedInformation resourceName="Entry_VS2010SI_Installer_Es_Mapping_3010">The installation was successful and the computer needs to be restarted.</detailedInformation>
                </successRebootRequired>
              </mapping>
              <mapping>
                <returnCode>3015</returnCode>
                <failureRebootRequired>
                  <detailedInformation resourceName="Entry_VS2010SI_Installer_Es_Mapping_3015">The installation was unsuccessful. The computer needs to be restarted in order to install.</detailedInformation>
                </failureRebootRequired>
              </mapping>
              <mapping>
                <returnCode>1615</returnCode>
                <failureRebootRequired>
                  <detailedInformation resourceName="Entry_VS2010SI_Installer_Es_Mapping_1615">The computer needs to be restarted in order to continue installation.</detailedInformation>
                </failureRebootRequired>
              </mapping>
            </returnCodeMappings>
          </cmdline>
        </installCommands>
        <helpLink>http://www.microsoft.com/downloads/es-es/details.aspx?familyid=8e5aa7b6-8436-43f0-b778-00c3bca733d3</helpLink>
      </installer>
      <!-- Russian -->
      <installer>
        <id>7</id>
        <languageId>ru</languageId>
        <osList idref="OSList_VS2010_Shell" />
        <eulaURL>https://ajax.aspnetcdn.com/ajax/webpi/eula/vsintegratedshell.rtf</eulaURL>
        <showsUI>True</showsUI>
        <installerFile>
          <fileSize>173811</fileSize>
          <installerURL>http://download.microsoft.com/download/2/5/1/251A33EB-73F0-4ED1-B1A9-878106A296EF/VSIntShell.exe</installerURL>
          <sha1>cc6a782937b46dd96d2e85dc2de515ba9c1be64e</sha1>
        </installerFile>
        <installCommands>
          <cmdline>
            <exe>%InstallerFile%</exe>
            <commandLineArguments>/x:%temp%\vs2010si\ /q</commandLineArguments>
          </cmdline>
          <cmdline>
            <exe>%temp%\vs2010si\setup.exe</exe>
            <commandLineArguments>/q /norestart /full</commandLineArguments>
            <returnCodeMappings>
              <mapping>
                <returnCode>5100</returnCode>
                <failure>
                  <detailedInformation resourceName="Entry_VS2010SI_Installer_Ru_Mapping_5100">The installation failed due to system requirement is not met or insufficient disk space.</detailedInformation>
                </failure>
              </mapping>
              <mapping>
                <returnCode>3010</returnCode>
                <successRebootRequired>
                  <detailedInformation resourceName="Entry_VS2010SI_Installer_Ru_Mapping_3010">The installation was successful and the computer needs to be restarted.</detailedInformation>
                </successRebootRequired>
              </mapping>
              <mapping>
                <returnCode>3015</returnCode>
                <failureRebootRequired>
                  <detailedInformation resourceName="Entry_VS2010SI_Installer_Ru_Mapping_3015">The installation was unsuccessful. The computer needs to be restarted in order to install.</detailedInformation>
                </failureRebootRequired>
              </mapping>
              <mapping>
                <returnCode>1615</returnCode>
                <failureRebootRequired>
                  <detailedInformation resourceName="Entry_VS2010SI_Installer_Ru_Mapping_1615">The computer needs to be restarted in order to continue installation.</detailedInformation>
                </failureRebootRequired>
              </mapping>
            </returnCodeMappings>
          </cmdline>
        </installCommands>
        <helpLink>http://www.microsoft.com/downloads/ru-ru/details.aspx?familyid=8e5aa7b6-8436-43f0-b778-00c3bca733d3</helpLink>
      </installer>
      <!-- Korean -->
      <installer>
        <id>6</id>
        <languageId>ko</languageId>
        <osList idref="OSList_VS2010_Shell" />
        <eulaURL>https://ajax.aspnetcdn.com/ajax/webpi/eula/vsintegratedshell.rtf</eulaURL>
        <showsUI>True</showsUI>
        <installerFile>
          <fileSize>173811</fileSize>
          <installerURL>http://download.microsoft.com/download/8/8/5/885443BF-EF97-4E1F-9299-A26C36C16EF7/VSIntShell.exe</installerURL>
          <sha1>39f636107c2988c6d74d1c7413113d19734d6713</sha1>
        </installerFile>
        <installCommands>
          <cmdline>
            <exe>%InstallerFile%</exe>
            <commandLineArguments>/x:%temp%\vs2010si\ /q</commandLineArguments>
          </cmdline>
          <cmdline>
            <exe>%temp%\vs2010si\setup.exe</exe>
            <commandLineArguments>/q /norestart /full</commandLineArguments>
            <returnCodeMappings>
              <mapping>
                <returnCode>5100</returnCode>
                <failure>
                  <detailedInformation resourceName="Entry_VS2010SI_Installer_Ko_Mapping_5100">The installation failed due to system requirement is not met or insufficient disk space.</detailedInformation>
                </failure>
              </mapping>
              <mapping>
                <returnCode>3010</returnCode>
                <successRebootRequired>
                  <detailedInformation resourceName="Entry_VS2010SI_Installer_Ko_Mapping_3010">The installation was successful and the computer needs to be restarted.</detailedInformation>
                </successRebootRequired>
              </mapping>
              <mapping>
                <returnCode>3015</returnCode>
                <failureRebootRequired>
                  <detailedInformation resourceName="Entry_VS2010SI_Installer_Ko_Mapping_3015">The installation was unsuccessful. The computer needs to be restarted in order to install.</detailedInformation>
                </failureRebootRequired>
              </mapping>
              <mapping>
                <returnCode>1615</returnCode>
                <failureRebootRequired>
                  <detailedInformation resourceName="Entry_VS2010SI_Installer_Ko_Mapping_1615">The computer needs to be restarted in order to continue installation.</detailedInformation>
                </failureRebootRequired>
              </mapping>
            </returnCodeMappings>
          </cmdline>
        </installCommands>
        <helpLink>http://www.microsoft.com/downloads/ko-kr/details.aspx?familyid=8e5aa7b6-8436-43f0-b778-00c3bca733d3</helpLink>
      </installer>
      <!-- Japanese -->
      <installer>
        <id>5</id>
        <languageId>ja</languageId>
        <osList idref="OSList_VS2010_Shell" />
        <eulaURL>https://ajax.aspnetcdn.com/ajax/webpi/eula/vsintegratedshell.rtf</eulaURL>
        <showsUI>True</showsUI>
        <installerFile>
          <fileSize>173811</fileSize>
          <installerURL>http://download.microsoft.com/download/E/C/5/EC5F3306-BA20-4791-8716-CE60BD3F10BA/VSIntShell.exe</installerURL>
          <sha1>ece5620377cd4bc25805c38505f6ee22a6c6659e</sha1>
        </installerFile>
        <installCommands>
          <cmdline>
            <exe>%InstallerFile%</exe>
            <commandLineArguments>/x:%temp%\vs2010si\ /q</commandLineArguments>
          </cmdline>
          <cmdline>
            <exe>%temp%\vs2010si\setup.exe</exe>
            <commandLineArguments>/q /norestart /full</commandLineArguments>
            <returnCodeMappings>
              <mapping>
                <returnCode>5100</returnCode>
                <failure>
                  <detailedInformation resourceName="Entry_VS2010SI_Installer_Ja_Mapping_5100">The installation failed due to system requirement is not met or insufficient disk space.</detailedInformation>
                </failure>
              </mapping>
              <mapping>
                <returnCode>3010</returnCode>
                <successRebootRequired>
                  <detailedInformation resourceName="Entry_VS2010SI_Installer_Ja_Mapping_3010">The installation was successful and the computer needs to be restarted.</detailedInformation>
                </successRebootRequired>
              </mapping>
              <mapping>
                <returnCode>3015</returnCode>
                <failureRebootRequired>
                  <detailedInformation resourceName="Entry_VS2010SI_Installer_Ja_Mapping_3015">The installation was unsuccessful. The computer needs to be restarted in order to install.</detailedInformation>
                </failureRebootRequired>
              </mapping>
              <mapping>
                <returnCode>1615</returnCode>
                <failureRebootRequired>
                  <detailedInformation resourceName="Entry_VS2010SI_Installer_Ja_Mapping_1615">The computer needs to be restarted in order to continue installation.</detailedInformation>
                </failureRebootRequired>
              </mapping>
            </returnCodeMappings>
          </cmdline>
        </installCommands>
        <helpLink>http://www.microsoft.com/downloads/ja-jp/details.aspx?familyid=8e5aa7b6-8436-43f0-b778-00c3bca733d3</helpLink>
      </installer>
      <!-- Italian -->
      <installer>
        <id>4</id>
        <languageId>it</languageId>
        <osList idref="OSList_VS2010_Shell" />
        <eulaURL>https://ajax.aspnetcdn.com/ajax/webpi/eula/vsintegratedshell.rtf</eulaURL>
        <showsUI>True</showsUI>
        <installerFile>
          <fileSize>173811</fileSize>
          <installerURL>http://download.microsoft.com/download/B/2/C/B2C5D31B-38D1-481F-B774-4AF38112E3BB/VSIntShell.exe</installerURL>
          <sha1>23e710191c4e49357ec5ac53db0a66840b075e7e</sha1>
        </installerFile>
        <installCommands>
          <cmdline>
            <exe>%InstallerFile%</exe>
            <commandLineArguments>/x:%temp%\vs2010si\ /q</commandLineArguments>
          </cmdline>
          <cmdline>
            <exe>%temp%\vs2010si\setup.exe</exe>
            <commandLineArguments>/q /norestart /full</commandLineArguments>
            <returnCodeMappings>
              <mapping>
                <returnCode>5100</returnCode>
                <failure>
                  <detailedInformation resourceName="Entry_VS2010SI_Installer_It_Mapping_5100">The installation failed due to system requirement is not met or insufficient disk space.</detailedInformation>
                </failure>
              </mapping>
              <mapping>
                <returnCode>3010</returnCode>
                <successRebootRequired>
                  <detailedInformation resourceName="Entry_VS2010SI_Installer_It_Mapping_3010">The installation was successful and the computer needs to be restarted.</detailedInformation>
                </successRebootRequired>
              </mapping>
              <mapping>
                <returnCode>3015</returnCode>
                <failureRebootRequired>
                  <detailedInformation resourceName="Entry_VS2010SI_Installer_It_Mapping_3015">The installation was unsuccessful. The computer needs to be restarted in order to install.</detailedInformation>
                </failureRebootRequired>
              </mapping>
              <mapping>
                <returnCode>1615</returnCode>
                <failureRebootRequired>
                  <detailedInformation resourceName="Entry_VS2010SI_Installer_It_Mapping_1615">The computer needs to be restarted in order to continue installation.</detailedInformation>
                </failureRebootRequired>
              </mapping>
            </returnCodeMappings>
          </cmdline>
        </installCommands>
        <helpLink>http://www.microsoft.com/downloads/it-it/details.aspx?familyid=8e5aa7b6-8436-43f0-b778-00c3bca733d3</helpLink>
      </installer>
      <!-- German -->
      <installer>
        <id>3</id>
        <languageId>de</languageId>
        <osList idref="OSList_VS2010_Shell" />
        <eulaURL>https://ajax.aspnetcdn.com/ajax/webpi/eula/vsintegratedshell.rtf</eulaURL>
        <showsUI>True</showsUI>
        <installerFile>
          <fileSize>173811</fileSize>
          <installerURL>http://download.microsoft.com/download/F/C/A/FCA00864-2E2C-4D2E-8200-C292818A8F12/VSIntShell.exe</installerURL>
          <sha1>e97f9373bb7f0ad01930beb1124cacf8046f5e25</sha1>
        </installerFile>
        <installCommands>
          <cmdline>
            <exe>%InstallerFile%</exe>
            <commandLineArguments>/x:%temp%\vs2010si\ /q</commandLineArguments>
          </cmdline>
          <cmdline>
            <exe>%temp%\vs2010si\setup.exe</exe>
            <commandLineArguments>/q /norestart /full</commandLineArguments>
            <returnCodeMappings>
              <mapping>
                <returnCode>5100</returnCode>
                <failure>
                  <detailedInformation resourceName="Entry_VS2010SI_Installer_De_Mapping_5100">The installation failed due to system requirement is not met or insufficient disk space.</detailedInformation>
                </failure>
              </mapping>
              <mapping>
                <returnCode>3010</returnCode>
                <successRebootRequired>
                  <detailedInformation resourceName="Entry_VS2010SI_Installer_De_Mapping_3010">The installation was successful and the computer needs to be restarted.</detailedInformation>
                </successRebootRequired>
              </mapping>
              <mapping>
                <returnCode>3015</returnCode>
                <failureRebootRequired>
                  <detailedInformation resourceName="Entry_VS2010SI_Installer_De_Mapping_3015">The installation was unsuccessful. The computer needs to be restarted in order to install.</detailedInformation>
                </failureRebootRequired>
              </mapping>
              <mapping>
                <returnCode>1615</returnCode>
                <failureRebootRequired>
                  <detailedInformation resourceName="Entry_VS2010SI_Installer_De_Mapping_1615">The computer needs to be restarted in order to continue installation.</detailedInformation>
                </failureRebootRequired>
              </mapping>
            </returnCodeMappings>
          </cmdline>
        </installCommands>
        <helpLink>http://www.microsoft.com/downloads/de-de/details.aspx?familyid=8e5aa7b6-8436-43f0-b778-00c3bca733d3</helpLink>
      </installer>
      <!-- French -->
      <installer>
        <id>2</id>
        <languageId>fr</languageId>
        <osList idref="OSList_VS2010_Shell" />
        <eulaURL>https://ajax.aspnetcdn.com/ajax/webpi/eula/vsintegratedshell.rtf</eulaURL>
        <showsUI>True</showsUI>
        <installerFile>
          <fileSize>173811</fileSize>
          <installerURL>http://download.microsoft.com/download/1/4/3/14329506-B3BB-48AA-94AE-53A0098FAB16/VSIntShell.exe</installerURL>
          <sha1>f7740e37a0aa50ef364953cdcb0711f823b2d029</sha1>
        </installerFile>
        <installCommands>
          <cmdline>
            <exe>%InstallerFile%</exe>
            <commandLineArguments>/x:%temp%\vs2010si\ /q</commandLineArguments>
          </cmdline>
          <cmdline>
            <exe>%temp%\vs2010si\setup.exe</exe>
            <commandLineArguments>/q /norestart /full</commandLineArguments>
            <returnCodeMappings>
              <mapping>
                <returnCode>5100</returnCode>
                <failure>
                  <detailedInformation resourceName="Entry_VS2010SI_Installer_Fr_Mapping_5100">The installation failed due to system requirement is not met or insufficient disk space.</detailedInformation>
                </failure>
              </mapping>
              <mapping>
                <returnCode>3010</returnCode>
                <successRebootRequired>
                  <detailedInformation resourceName="Entry_VS2010SI_Installer_Fr_Mapping_3010">The installation was successful and the computer needs to be restarted.</detailedInformation>
                </successRebootRequired>
              </mapping>
              <mapping>
                <returnCode>3015</returnCode>
                <failureRebootRequired>
                  <detailedInformation resourceName="Entry_VS2010SI_Installer_Fr_Mapping_3015">The installation was unsuccessful. The computer needs to be restarted in order to install.</detailedInformation>
                </failureRebootRequired>
              </mapping>
              <mapping>
                <returnCode>1615</returnCode>
                <failureRebootRequired>
                  <detailedInformation resourceName="Entry_VS2010SI_Installer_Fr_Mapping_1615">The computer needs to be restarted in order to continue installation.</detailedInformation>
                </failureRebootRequired>
              </mapping>
            </returnCodeMappings>
          </cmdline>
        </installCommands>
        <helpLink>http://www.microsoft.com/downloads/fr-fr/details.aspx?familyid=8e5aa7b6-8436-43f0-b778-00c3bca733d3</helpLink>
      </installer>
    </installers>
  </entry>
  <entry>
    <productId>WindowsAzureSDKOCT2k8CTP</productId>
    <title resourceName="Entry_WindowsAzureSDKOCT2k8CTP_Title">Windows Azure SDK Oct 2008 CTP release is installed, please uninstall before trying again</title>
    <author>
      <name>Microsoft</name>
      <uri>http://www.microsoft.com/</uri>
    </author>
    <id>https://ajax.aspnetcdn.com/ajax/webpi/VS2008RTM</id>
    <discoveryHint>
      <registry>
        <keyPath>HKEY_LOCAL_MACHINE\SOFTWARE\Microsoft\Microsoft SDKs\ServiceHosting\v1.0</keyPath>
        <valueName>FullVersion</valueName>
        <valueValue>1.0.0</valueValue>
      </registry>
    </discoveryHint>
  </entry>
  <entry>
    <productId>ExpressionWeb</productId>
    <title resourceName="Entry_ExpressionWeb_Title">Expression Web 4 Trial</title>
    <version>4.0</version>
    <summary resourceName="Entry_ExpressionWeb_Summary">Microsoft Expression Web 4 gives you the tools you need to produce high-quality, standards-based Web sites: built-in support for today's Web standards, sophisticated CSS design capabilities, and visual diagnostic tools. Whether you work with PHP, HTML/XHTML, CSS, JavaScript, ASP.NET or ASP.NET AJAX, Expression Web makes it faster and easier to create and maintain exceptional Web sites.</summary>
    <id>https://ajax.aspnetcdn.com/ajax/webpi/ExpressionWeb</id>
    <updated>2011-03-29T16:30:00Z</updated>
    <longSummary resourceName="Entry_ExpressionWeb_LongSummary">Microsoft Expression Web 4 gives you the tools you need to produce high-quality, standards-based Web sites: built-in support for today's Web standards, sophisticated CSS design capabilities, and visual diagnostic tools. Whether you work with PHP, HTML/XHTML, CSS, JavaScript, ASP.NET or ASP.NET AJAX, Expression Web makes it faster and easier to create and maintain exceptional Web sites.</longSummary>
    <productFamily resourceName="ExpressionWeb">Expression Web</productFamily>
    <published>2011-03-29T12:30:00Z</published>
    <link href="http://www.microsoft.com/expression/products/Web_Overview.aspx" />
    <images>
      <icon>https://www.microsoft.com/expression/asset/logo_expression.png</icon>
    </images>
    <author>
      <name>Microsoft</name>
      <uri>http://www.iis.net/</uri>
    </author>
    <keywords>
      <keywordId>ProductTools</keywordId>
    </keywords>
    <discoveryHint>
      <or>
        <discoveryHint>
          <registry>
            <keyPath>HKEY_LOCAL_MACHINE\SOFTWARE\Microsoft\Expression\Web\4.0</keyPath>
            <valueName>InstallDir</valueName>
          </registry>
        </discoveryHint>
        <discoveryHint>
          <registry>
            <keyPath>HKEY_LOCAL_MACHINE\SOFTWARE\Wow6432Node\Microsoft\Expression\Web\4.0</keyPath>
            <valueName>InstallDir</valueName>
          </registry>
        </discoveryHint>
      </or>
    </discoveryHint>
    <dependency>
      <or>
        <dependency>
          <productId>NETFramework4</productId>
        </dependency>
        <dependency>
          <productId>NETFX4</productId>
        </dependency>
        <dependency>
          <productId>NETFramework45</productId>
        </dependency>
      </or>
    </dependency>
    <installers>
      <installer>
        <id>1</id>
        <languageId>en</languageId>
        <architectures>
          <x86 />
          <x64 />
        </architectures>
        <osList>
          <os>
            <minimumVersion>
              <osMajorVersion>5</osMajorVersion>
              <osMinorVersion>0</osMinorVersion>
              <spMajorVersion>3</spMajorVersion>
            </minimumVersion>
            <osTypes>
              <Server />
              <HomePremium />
              <Ultimate />
              <Enterprise />
              <Business />
            </osTypes>
          </os>
        </osList>
        <eulaURL>https://ajax.aspnetcdn.com/ajax/webpi/eula/ExpressionWebTrial.html</eulaURL>
        <installerFile>
          <fileSize>85903</fileSize>
          <installerURL>http://download.microsoft.com/download/A/E/E/AEE99F10-84C0-49B6-8B17-16D158DB8964/Web_Trial_en.exe</installerURL>
        </installerFile>
        <installCommands>
          <cmdline>
            <exe>%InstallerFile%</exe>
            <commandLineArguments>/x:%temp%\xweb\ /q</commandLineArguments>
          </cmdline>
          <cmdline>
            <exe>%temp%\xweb\setup.exe</exe>
            <commandLineArguments>/q</commandLineArguments>
          </cmdline>
        </installCommands>
        <helpLink>http://forums.iis.net/1155.aspx</helpLink>
      </installer>
    </installers>
  </entry>
  <!-- SuperPreview standalone -->
  <entry>
    <productId>SuperPreview</productId>
    <title resourceName="Entry_ExpressionSuperPreview_Title">Expression SuperPreview Trial</title>
    <version>1.0</version>
    <summary resourceName="Entry_ExpressionSuperPreview_Summary">Microsoft® Expression® SuperPreview is a cross-browser debugging tool that helps you visualize and understand how pages display on multiple browsers, including IE6 – 9, Chrome, Macintosh Safari, and Firefox. SuperPreview provides an abundance of tools and view modes that help you find cross-browser rendering issues, including rulers and guides, page overlay mode, and styling information from the page DOM. You can even superimpose your page on top of your Photoshop comp to verify your coding.</summary>
    <!--needed -->
    <id>https://ajax.aspnetcdn.com/ajax/webpi/superpreview</id>
    <updated>2011-03-29T16:30:00Z</updated>
    <longSummary resourceName="Entry_ExpressionSuperPreview_LongSummary">Microsoft® Expression® SuperPreview is a cross-browser debugging tool that helps you visualize and understand how pages display on multiple browsers, including IE6 – 9, Chrome, Macintosh Safari, and Firefox. SuperPreview provides an abundance of tools and view modes that help you find cross-browser rendering issues, including rulers and guides, page overlay mode, and styling information from the page DOM. You can even superimpose your page on top of your Photoshop comp to verify your coding.</longSummary>
    <productFamily resourceName="superpreview">superpreview</productFamily>
    <published>2011-03-29T12:30:00Z</published>
    <link href="http://www.microsoft.com/expression/products/SuperPreview_Overview.aspx" />
    <images>
      <icon>https://www.microsoft.com/expression/asset/logo_expression.png</icon>
    </images>
    <author>
      <name>Microsoft</name>
      <uri>http://www.iis.net/</uri>
    </author>
    <keywords>
      <keywordId>ProductTools</keywordId>
    </keywords>
    <discoveryHint>
      <or>
        <discoveryHint>
          <registry>
            <keyPath>HKEY_LOCAL_MACHINE\SOFTWARE\Microsoft\Expression\SuperPreview\4.0</keyPath>
          </registry>
        </discoveryHint>
        <discoveryHint>
          <registry>
            <keyPath>HKEY_LOCAL_MACHINE\SOFTWARE\Wow6432Node\Microsoft\Expression\SuperPreview\4.0</keyPath>
          </registry>
        </discoveryHint>
      </or>
    </discoveryHint>
    <dependency>
      <or>
        <dependency>
          <productId>NETFramework4</productId>
        </dependency>
        <dependency>
          <productId>NETFX4</productId>
        </dependency>
        <dependency>
          <productId>NETFramework45</productId>
        </dependency>
      </or>
    </dependency>
    <installers>
      <installer>
        <id>1</id>
        <languageId>en</languageId>
        <architectures>
          <x86 />
          <x64 />
        </architectures>
        <osList>
          <os>
            <!-- supported OSes:  Windows XP SP3+-->
            <minimumVersion>
              <osMajorVersion>5</osMajorVersion>
              <osMinorVersion>0</osMinorVersion>
              <spMajorVersion>3</spMajorVersion>
            </minimumVersion>
            <osTypes>
              <Server />
              <HomePremium />
              <Ultimate />
              <Enterprise />
              <Business />
            </osTypes>
          </os>
        </osList>
        <eulaURL>https://ajax.aspnetcdn.com/ajax/webpi/eula/ExpressionWebTrial.htm</eulaURL>
        <installerFile>
          <fileSize>38079</fileSize>
          <installerURL>http://download.microsoft.com/download/7/9/6/796296D9-A564-4D37-AF95-3D3D47EE82E9/SuperPreview_Trial_en.exe</installerURL>
        </installerFile>
        <installCommands>
          <cmdline>
            <exe>%InstallerFile%</exe>
            <commandLineArguments>/x:%temp%\xweb\ /q</commandLineArguments>
          </cmdline>
          <cmdline>
            <exe>%temp%\xweb\setup.exe</exe>
            <commandLineArguments>/q</commandLineArguments>
          </cmdline>
        </installCommands>
        <helpLink>http://forums.iis.net/1155.aspx</helpLink>
      </installer>
    </installers>
  </entry>
  <osLists>
    <!-- WinXP only, SP3+ on 32 bit architecture -->
    <osList id="OSList_VS2010_Shell">
      <os>
        <minimumVersion>
          <osMajorVersion>5</osMajorVersion>
          <osMinorVersion>1</osMinorVersion>
          <spMajorVersion>3</spMajorVersion>
        </minimumVersion>
      </os>
    </osList>
  </osLists>
  <discoveryHints>
    <discoveryHint id="DH_WindowsAzureLibrariesNET_2_0">
      <or>
        <discoveryHint>
          <registry>
            <keyPath>HKEY_LOCAL_MACHINE\SOFTWARE\Microsoft\Microsoft SDKs\Windows Azure Libraries for .NET\v2.0</keyPath>
            <valueName>ProductVersion</valueName>
            <minimumVersion>2.0</minimumVersion>
          </registry>
        </discoveryHint>
        <discoveryHint>
          <registry>
            <keyPath>HKEY_LOCAL_MACHINE\SOFTWARE\Wow6432Node\Microsoft\Microsoft SDKs\Windows Azure Libraries for .NET\v2.0</keyPath>
            <valueName>ProductVersion</valueName>
            <minimumVersion>2.0</minimumVersion>
          </registry>
        </discoveryHint>
      </or>
    </discoveryHint>
    <!--DH_WindowsAzureLibrariesNET_1_8-->
    <discoveryHint id="DH_WindowsAzureLibrariesNET_1_8">
      <or>
        <discoveryHint>
          <registry>
            <keyPath>HKEY_LOCAL_MACHINE\SOFTWARE\Microsoft\Microsoft SDKs\Windows Azure Libraries for .NET\v1.8</keyPath>
            <valueName>ProductVersion</valueName>
            <minimumVersion>1.8</minimumVersion>
          </registry>
        </discoveryHint>
        <discoveryHint>
          <registry>
            <keyPath>HKEY_LOCAL_MACHINE\SOFTWARE\Wow6432Node\Microsoft\Microsoft SDKs\Windows Azure Libraries for .NET\v1.8</keyPath>
            <valueName>ProductVersion</valueName>
            <minimumVersion>1.8</minimumVersion>
          </registry>
        </discoveryHint>
      </or>
    </discoveryHint>
    <!-- DH_WindowsAzureEmulator_1_7_Only-->
    <discoveryHint id="DH_WindowsAzureEmulator_1_7_Only">
      <registry>
        <keyPath>HKEY_LOCAL_MACHINE\SOFTWARE\Microsoft\Windows Azure Emulator</keyPath>
        <valueName>FullVersion</valueName>
        <minimumVersion>1.7.30507.2144</minimumVersion>
      </registry>
    </discoveryHint>
    <!--DH_WindowsAzureEmulator_1_6_Only-->
    <discoveryHint id="DH_WindowsAzureEmulator_1_6_Only">
      <registry>
        <keyPath>HKEY_LOCAL_MACHINE\SOFTWARE\Microsoft\Windows Azure Emulator</keyPath>
        <valueName>FullVersion</valueName>
        <minimumVersion>1.6.21103.1459</minimumVersion>
      </registry>
    </discoveryHint>
    <!--DH_WindowsAzureEmulator_1_6_Only_Orup-->
    <discoveryHint id="DH_WindowsAzureEmulator_1_6_Only_Orup">
      <or>
        <discoveryHint idref="DH_WindowsAzureEmulator_1_7_Only" />
        <discoveryHint idref="DH_WindowsAzureEmulator_1_6_Only" />
      </or>
    </discoveryHint>
    <!--DH_WindowsAzureToolsVS2010_Only_1_7-->
    <discoveryHint id="DH_WindowsAzureToolsVS2010_Only_1_7">
      <and>
        <discoveryHint>
          <or>
            <discoveryHint>
              <registry>
                <keyPath>HKEY_LOCAL_MACHINE\SOFTWARE\Microsoft\Windows Azure Tools for Microsoft Visual Studio\10.0\1.7</keyPath>
                <valueName>FullVersion</valueName>
                <minimumVersion>1.7.50502.1601</minimumVersion>
              </registry>
            </discoveryHint>
            <discoveryHint>
              <registry>
                <keyPath>HKEY_LOCAL_MACHINE\SOFTWARE\Wow6432Node\Microsoft\Windows Azure Tools for Microsoft Visual Studio\10.0\1.7</keyPath>
                <valueName>FullVersion</valueName>
                <minimumVersion>1.7.50502.1601</minimumVersion>
              </registry>
            </discoveryHint>
          </or>
        </discoveryHint>
        <discoveryHint>
          <or>
            <discoveryHint>
              <registry>
                <keyPath>HKEY_LOCAL_MACHINE\SOFTWARE\Microsoft\Windows Azure Tools for Microsoft Visual Studio\10.0\Core</keyPath>
                <valueName>FullVersion</valueName>
                <minimumVersion>1.7.50502.1601</minimumVersion>
              </registry>
            </discoveryHint>
            <discoveryHint>
              <registry>
                <keyPath>HKEY_LOCAL_MACHINE\SOFTWARE\Wow6432Node\Microsoft\Windows Azure Tools for Microsoft Visual Studio\10.0\Core</keyPath>
                <valueName>FullVersion</valueName>
                <minimumVersion>1.7.50502.1601</minimumVersion>
              </registry>
            </discoveryHint>
          </or>
        </discoveryHint>
      </and>
    </discoveryHint>
    <!--DH_WindowsAzureToolsVS2010_Only_1_6-->
    <discoveryHint id="DH_WindowsAzureToolsVS2010_Only_1_6">
      <and>
        <discoveryHint>
          <or>
            <discoveryHint>
              <registry>
                <keyPath>HKEY_LOCAL_MACHINE\SOFTWARE\Microsoft\Windows Azure Tools for Microsoft Visual Studio\10.0\1.6</keyPath>
                <valueName>FullVersion</valueName>
                <minimumVersion>1.6.41103.1601</minimumVersion>
              </registry>
            </discoveryHint>
            <discoveryHint>
              <registry>
                <keyPath>HKEY_LOCAL_MACHINE\SOFTWARE\Wow6432Node\Microsoft\Windows Azure Tools for Microsoft Visual Studio\10.0\1.6</keyPath>
                <valueName>FullVersion</valueName>
                <minimumVersion>1.6.41103.1601</minimumVersion>
              </registry>
            </discoveryHint>
          </or>
        </discoveryHint>
        <discoveryHint>
          <or>
            <discoveryHint>
              <registry>
                <keyPath>HKEY_LOCAL_MACHINE\SOFTWARE\Microsoft\Windows Azure Tools for Microsoft Visual Studio\10.0\Core</keyPath>
                <valueName>FullVersion</valueName>
                <minimumVersion>1.6.41103.1601</minimumVersion>
              </registry>
            </discoveryHint>
            <discoveryHint>
              <registry>
                <keyPath>HKEY_LOCAL_MACHINE\SOFTWARE\Wow6432Node\Microsoft\Windows Azure Tools for Microsoft Visual Studio\10.0\Core</keyPath>
                <valueName>FullVersion</valueName>
                <minimumVersion>1.6.41103.1601</minimumVersion>
              </registry>
            </discoveryHint>
          </or>
        </discoveryHint>
      </and>
    </discoveryHint>
  </discoveryHints>
</feed>